Workbook

Sheet Hoje
A1: O DIA · o que a oficina tem para fazer e o que já fechou | K1: motor — não apague | L1: =TODAY() -> 46274 | M1: Estas quatro células movem a planilha: a data de hoje, a hora, e o tamanho das duas listas abaixo. Não apague nem mova.
K2: agora | L2: =NOW()-TODAY() -> 0.61104666
A3: DATA | C3: =TODAY() -> 46274 | D3: =IF($C$3="","",TEXT($C$3,"[$-416]dddd")) -> quarta-feira | E3: =IF($C$3="","","semana "&(INT(($C$3-(DATE(Semana!$J$3,1,4)-WEEKDAY(DATE(Semana!$J$3,1,4),3)))/7)+1)) -> semana 37 | F3: ← troque a data para ver outro dia | K3: no dia | L3: =SUM(Programação!$AH$5:$AH$1004) -> 35
K4: atrasadas | L4: =SUM(Programação!$AI$5:$AI$1004) -> 1
A5: PARA FECHAR HOJE | C5: FECHARAM | D5: ADERÊNCIA DO DIA | F5: EM EXECUÇÃO | H5: ATRASADAS | K5: na carteira | L5: =SUMPRODUCT(--(Programação!$AO$5:$AO$1004<>"")) -> 120
A6: =COUNTIFS(Programação!$P$5:$P$1004,$C$3,Programação!$R$5:$R$1004,"<>Cancelada",Programação!$V$5:$V$1004,"Interna") -> 10 | C6: =SUMIFS(Programação!$AB$5:$AB$1004,Programação!$P$5:$P$1004,$C$3,Programação!$V$5:$V$1004,"Interna",Programação!$R$5:$R$1004,"<>Cancelada") -> 9 | D6: =IF($A$6=0,"",$C$6/$A$6) -> 0.9 | F6: =COUNTIFS(Programação!$O$5:$O$1004,"<="&$C$3,Programação!$P$5:$P$1004,">="&$C$3,Programação!$AB$5:$AB$1004,0,Programação!$R$5:$R$1004,"<>Cancelada",Programação!$V$5:$V$1004,"Interna") -> 15 | H6: =COUNTIFS(Programação!$P$5:$P$1004,"<"&$C$3,Programação!$AB$5:$AB$1004,0,Programação!$R$5:$R$1004,"<>Cancelada",Programação!$V$5:$V$1004,"Interna") -> 1
J7: DAR BAIXA
A8: O DIA | D8: ="a janela de execução contém esta data · CONCLUÍDAS NESTA DATA: "&COUNTIFS(Programação!$Q$5:$Q$1004,$C$3,Programação!$R$5:$R$1004,"<>Cancelada",Programação!$V$5:$V$1004,"Interna") -> a janela de execução contém esta data · CONCLUÍDAS NESTA DATA: 7 | J8: escreva a LINHA que a lista mostra e a data — a atividade fecha na Programação
A9: Frota | B9: Serviço | C9: Atividade | D9: Quem faz | E9: Início | F9: Fim | G9: Situação | H9: Concluída em | I9: Linha | J9: Linha | K9: Concluída em | L9: o que você está fechando
A10: =IF($L$3<1,"",INDEX(Programação!$D$5:$D$1004,MATCH(1,Programação!$AE$5:$AE$1004,0))) -> F-815 | B10: =IF($L$3<1,"",INDEX(Programação!$E$5:$E$1004,MATCH(1,Programação!$AE$5:$AE$1004,0))) -> Baixa de pendências backlog | C10: =IF($L$3<1,"",INDEX(Programação!$F$5:$F$1004,MATCH(1,Programação!$AE$5:$AE$1004,0))) -> Fixar farol LD | D10: =IF($L$3<1,"",INDEX(Programação!$AG$5:$AG$1004,MATCH(1,Programação!$AE$5:$AE$1004,0))) -> Alexandre | E10: =IF($L$3<1,"",INDEX(Programação!$O$5:$O$1004,MATCH(1,Programação!$AE$5:$AE$1004,0))) -> 46273 | F10: =IF($L$3<1,"",INDEX(Programação!$P$5:$P$1004,MATCH(1,Programação!$AE$5:$AE$1004,0))) -> 46274 | G10: =IF($A10="","",IF($H10<>"","Concluída",IF($F10<$C$3,"Atrasada",IF($F10=$C$3,"Fecha neste dia","Em execução")))) -> Fecha neste dia | H10: =IF($L$3<1,"",IF(INDEX(Programação!$AT$5:$AT$1004,MATCH(1,Programação!$AE$5:$AE$1004,0))="","",INDEX(Programação!$AT$5:$AT$1004,MATCH(1,Programação!$AE$5:$AE$1004,0)))) | I10: =IF($L$3<1,"",MATCH(1,Programação!$AE$5:$AE$1004,0)+4) -> 122 | L10: =IF($J10="","",IFERROR(INDEX(Programação!$D$5:$D$1004,$J10-4)&" · "&INDEX(Programação!$F$5:$F$1004,$J10-4),"⚠ linha não encontrada"))
A11: =IF($L$3<2,"",INDEX(Programação!$D$5:$D$1004,MATCH(2,Programação!$AE$5:$AE$1004,0))) -> F-815 | B11: =IF($L$3<2,"",INDEX(Programação!$E$5:$E$1004,MATCH(2,Programação!$AE$5:$AE$1004,0))) -> Baixa de pendências backlog | C11: =IF($L$3<2,"",INDEX(Programação!$F$5:$F$1004,MATCH(2,Programação!$AE$5:$AE$1004,0))) -> Corrigir e isolar fiação de iluminação do reboque exposta | D11: =IF($L$3<2,"",INDEX(Programação!$AG$5:$AG$1004,MATCH(2,Programação!$AE$5:$AE$1004,0))) -> Alexandre | E11: =IF($L$3<2,"",INDEX(Programação!$O$5:$O$1004,MATCH(2,Programação!$AE$5:$AE$1004,0))) -> 46273 | F11: =IF($L$3<2,"",INDEX(Programação!$P$5:$P$1004,MATCH(2,Programação!$AE$5:$AE$1004,0))) -> 46275 | G11: =IF($A11="","",IF($H11<>"","Concluída",IF($F11<$C$3,"Atrasada",IF($F11=$C$3,"Fecha neste dia","Em execução")))) -> Em execução | H11: =IF($L$3<2,"",IF(INDEX(Programação!$AT$5:$AT$1004,MATCH(2,Programação!$AE$5:$AE$1004,0))="","",INDEX(Programação!$AT$5:$AT$1004,MATCH(2,Programação!$AE$5:$AE$1004,0)))) | I11: =IF($L$3<2,"",MATCH(2,Programação!$AE$5:$AE$1004,0)+4) -> 127 | L11: =IF($J11="","",IFERROR(INDEX(Programação!$D$5:$D$1004,$J11-4)&" · "&INDEX(Programação!$F$5:$F$1004,$J11-4),"⚠ linha não encontrada"))
A12: =IF($L$3<3,"",INDEX(Programação!$D$5:$D$1004,MATCH(3,Programação!$AE$5:$AE$1004,0))) -> F-815 | B12: =IF($L$3<3,"",INDEX(Programação!$E$5:$E$1004,MATCH(3,Programação!$AE$5:$AE$1004,0))) -> Baixa de pendências backlog | C12: =IF($L$3<3,"",INDEX(Programação!$F$5:$F$1004,MATCH(3,Programação!$AE$5:$AE$1004,0))) -> Corrigir iluminação interna das portas LE e LD | D12: =IF($L$3<3,"",INDEX(Programação!$AG$5:$AG$1004,MATCH(3,Programação!$AE$5:$AE$1004,0))) -> Alexandre | E12: =IF($L$3<3,"",INDEX(Programação!$O$5:$O$1004,MATCH(3,Programação!$AE$5:$AE$1004,0))) -> 46273 | F12: =IF($L$3<3,"",INDEX(Programação!$P$5:$P$1004,MATCH(3,Programação!$AE$5:$AE$1004,0))) -> 46275 | G12: =IF($A12="","",IF($H12<>"","Concluída",IF($F12<$C$3,"Atrasada",IF($F12=$C$3,"Fecha neste dia","Em execução")))) -> Em execução | H12: =IF($L$3<3,"",IF(INDEX(Programação!$AT$5:$AT$1004,MATCH(3,Programação!$AE$5:$AE$1004,0))="","",INDEX(Programação!$AT$5:$AT$1004,MATCH(3,Programação!$AE$5:$AE$1004,0)))) | I12: =IF($L$3<3,"",MATCH(3,Programação!$AE$5:$AE$1004,0)+4) -> 128 | L12: =IF($J12="","",IFERROR(INDEX(Programação!$D$5:$D$1004,$J12-4)&" · "&INDEX(Programação!$F$5:$F$1004,$J12-4),"⚠ linha não encontrada"))
A13: =IF($L$3<4,"",INDEX(Programação!$D$5:$D$1004,MATCH(4,Programação!$AE$5:$AE$1004,0))) -> F-815 | B13: =IF($L$3<4,"",INDEX(Programação!$E$5:$E$1004,MATCH(4,Programação!$AE$5:$AE$1004,0))) -> Baixa de pendências backlog | C13: =IF($L$3<4,"",INDEX(Programação!$F$5:$F$1004,MATCH(4,Programação!$AE$5:$AE$1004,0))) -> Trocar parabrisa | D13: =IF($L$3<4,"",INDEX(Programação!$AG$5:$AG$1004,MATCH(4,Programação!$AE$5:$AE$1004,0))) -> Terceirizada | E13: =IF($L$3<4,"",INDEX(Programação!$O$5:$O$1004,MATCH(4,Programação!$AE$5:$AE$1004,0))) -> 46274 | F13: =IF($L$3<4,"",INDEX(Programação!$P$5:$P$1004,MATCH(4,Programação!$AE$5:$AE$1004,0))) -> 46276 | G13: =IF($A13="","",IF($H13<>"","Concluída",IF($F13<$C$3,"Atrasada",IF($F13=$C$3,"Fecha neste dia","Em execução")))) -> Em execução | H13: =IF($L$3<4,"",IF(INDEX(Programação!$AT$5:$AT$1004,MATCH(4,Programação!$AE$5:$AE$1004,0))="","",INDEX(Programação!$AT$5:$AT$1004,MATCH(4,Programação!$AE$5:$AE$1004,0)))) | I13: =IF($L$3<4,"",MATCH(4,Programação!$AE$5:$AE$1004,0)+4) -> 130 | L13: =IF($J13="","",IFERROR(INDEX(Programação!$D$5:$D$1004,$J13-4)&" · "&INDEX(Programação!$F$5:$F$1004,$J13-4),"⚠ linha não encontrada"))
A14: =IF($L$3<5,"",INDEX(Programação!$D$5:$D$1004,MATCH(5,Programação!$AE$5:$AE$1004,0))) -> F-814 | B14: =IF($L$3<5,"",INDEX(Programação!$E$5:$E$1004,MATCH(5,Programação!$AE$5:$AE$1004,0))) -> BAIXA DE PENDENCIAS | C14: =IF($L$3<5,"",INDEX(Programação!$F$5:$F$1004,MATCH(5,Programação!$AE$5:$AE$1004,0))) -> Regular freio terceiro eixo LE | D14: =IF($L$3<5,"",INDEX(Programação!$AG$5:$AG$1004,MATCH(5,Programação!$AE$5:$AE$1004,0))) -> Heliton | E14: =IF($L$3<5,"",INDEX(Programação!$O$5:$O$1004,MATCH(5,Programação!$AE$5:$AE$1004,0))) -> 46273 | F14: =IF($L$3<5,"",INDEX(Programação!$P$5:$P$1004,MATCH(5,Programação!$AE$5:$AE$1004,0))) -> 46274 | G14: =IF($A14="","",IF($H14<>"","Concluída",IF($F14<$C$3,"Atrasada",IF($F14=$C$3,"Fecha neste dia","Em execução")))) -> Concluída | H14: =IF($L$3<5,"",IF(INDEX(Programação!$AT$5:$AT$1004,MATCH(5,Programação!$AE$5:$AE$1004,0))="","",INDEX(Programação!$AT$5:$AT$1004,MATCH(5,Programação!$AE$5:$AE$1004,0)))) -> 46269 | I14: =IF($L$3<5,"",MATCH(5,Programação!$AE$5:$AE$1004,0)+4) -> 188 | L14: =IF($J14="","",IFERROR(INDEX(Programação!$D$5:$D$1004,$J14-4)&" · "&INDEX(Programação!$F$5:$F$1004,$J14-4),"⚠ linha não encontrada"))
A15: =IF($L$3<6,"",INDEX(Programação!$D$5:$D$1004,MATCH(6,Programação!$AE$5:$AE$1004,0))) -> F-814 | B15: =IF($L$3<6,"",INDEX(Programação!$E$5:$E$1004,MATCH(6,Programação!$AE$5:$AE$1004,0))) -> BAIXA DE PENDENCIAS | C15: =IF($L$3<6,"",INDEX(Programação!$F$5:$F$1004,MATCH(6,Programação!$AE$5:$AE$1004,0))) -> Lubrificar travas da cabine com dificuldade de liberar a mesma para bascular | D15: =IF($L$3<6,"",INDEX(Programação!$AG$5:$AG$1004,MATCH(6,Programação!$AE$5:$AE$1004,0))) -> Júnior · Heliton | E15: =IF($L$3<6,"",INDEX(Programação!$O$5:$O$1004,MATCH(6,Programação!$AE$5:$AE$1004,0))) -> 46273 | F15: =IF($L$3<6,"",INDEX(Programação!$P$5:$P$1004,MATCH(6,Programação!$AE$5:$AE$1004,0))) -> 46274 | G15: =IF($A15="","",IF($H15<>"","Concluída",IF($F15<$C$3,"Atrasada",IF($F15=$C$3,"Fecha neste dia","Em execução")))) -> Concluída | H15: =IF($L$3<6,"",IF(INDEX(Programação!$AT$5:$AT$1004,MATCH(6,Programação!$AE$5:$AE$1004,0))="","",INDEX(Programação!$AT$5:$AT$1004,MATCH(6,Programação!$AE$5:$AE$1004,0)))) -> 46269 | I15: =IF($L$3<6,"",MATCH(6,Programação!$AE$5:$AE$1004,0)+4) -> 191 | L15: =IF($J15="","",IFERROR(INDEX(Programação!$D$5:$D$1004,$J15-4)&" · "&INDEX(Programação!$F$5:$F$1004,$J15-4),"⚠ linha não encontrada"))
A16: =IF($L$3<7,"",INDEX(Programação!$D$5:$D$1004,MATCH(7,Programação!$AE$5:$AE$1004,0))) -> F-815 | B16: =IF($L$3<7,"",INDEX(Programação!$E$5:$E$1004,MATCH(7,Programação!$AE$5:$AE$1004,0))) -> Programação 08/09 | C16: =IF($L$3<7,"",INDEX(Programação!$F$5:$F$1004,MATCH(7,Programação!$AE$5:$AE$1004,0))) -> Montar caixa de direção | D16: =IF($L$3<7,"",INDEX(Programação!$AG$5:$AG$1004,MATCH(7,Programação!$AE$5:$AE$1004,0))) -> Heliton · Adilton | E16: =IF($L$3<7,"",INDEX(Programação!$O$5:$O$1004,MATCH(7,Programação!$AE$5:$AE$1004,0))) -> 46273 | F16: =IF($L$3<7,"",INDEX(Programação!$P$5:$P$1004,MATCH(7,Programação!$AE$5:$AE$1004,0))) -> 46276 | G16: =IF($A16="","",IF($H16<>"","Concluída",IF($F16<$C$3,"Atrasada",IF($F16=$C$3,"Fecha neste dia","Em execução")))) -> Concluída | H16: =IF($L$3<7,"",IF(INDEX(Programação!$AT$5:$AT$1004,MATCH(7,Programação!$AE$5:$AE$1004,0))="","",INDEX(Programação!$AT$5:$AT$1004,MATCH(7,Programação!$AE$5:$AE$1004,0)))) -> 46273 | I16: =IF($L$3<7,"",MATCH(7,Programação!$AE$5:$AE$1004,0)+4) -> 284 | L16: =IF($J16="","",IFERROR(INDEX(Programação!$D$5:$D$1004,$J16-4)&" · "&INDEX(Programação!$F$5:$F$1004,$J16-4),"⚠ linha não encontrada"))
A17: =IF($L$3<8,"",INDEX(Programação!$D$5:$D$1004,MATCH(8,Programação!$AE$5:$AE$1004,0))) -> F-331 | B17: =IF($L$3<8,"",INDEX(Programação!$E$5:$E$1004,MATCH(8,Programação!$AE$5:$AE$1004,0))) -> Programação 08/09 | C17: =IF($L$3<8,"",INDEX(Programação!$F$5:$F$1004,MATCH(8,Programação!$AE$5:$AE$1004,0))) -> Montar limpador de parabrisa | D17: =IF($L$3<8,"",INDEX(Programação!$AG$5:$AG$1004,MATCH(8,Programação!$AE$5:$AE$1004,0))) -> Gabriel | E17: =IF($L$3<8,"",INDEX(Programação!$O$5:$O$1004,MATCH(8,Programação!$AE$5:$AE$1004,0))) -> 46273 | F17: =IF($L$3<8,"",INDEX(Programação!$P$5:$P$1004,MATCH(8,Programação!$AE$5:$AE$1004,0))) -> 46274 | G17: =IF($A17="","",IF($H17<>"","Concluída",IF($F17<$C$3,"Atrasada",IF($F17=$C$3,"Fecha neste dia","Em execução")))) -> Concluída | H17: =IF($L$3<8,"",IF(INDEX(Programação!$AT$5:$AT$1004,MATCH(8,Programação!$AE$5:$AE$1004,0))="","",INDEX(Programação!$AT$5:$AT$1004,MATCH(8,Programação!$AE$5:$AE$1004,0)))) -> 46273 | I17: =IF($L$3<8,"",MATCH(8,Programação!$AE$5:$AE$1004,0)+4) -> 286 | L17: =IF($J17="","",IFERROR(INDEX(Programação!$D$5:$D$1004,$J17-4)&" · "&INDEX(Programação!$F$5:$F$1004,$J17-4),"⚠ linha não encontrada"))
A18: =IF($L$3<9,"",INDEX(Programação!$D$5:$D$1004,MATCH(9,Programação!$AE$5:$AE$1004,0))) -> F-331 | B18: =IF($L$3<9,"",INDEX(Programação!$E$5:$E$1004,MATCH(9,Programação!$AE$5:$AE$1004,0))) -> Programação 08/09 | C18: =IF($L$3<9,"",INDEX(Programação!$F$5:$F$1004,MATCH(9,Programação!$AE$5:$AE$1004,0))) -> Trocar mangueiras | D18: =IF($L$3<9,"",INDEX(Programação!$AG$5:$AG$1004,MATCH(9,Programação!$AE$5:$AE$1004,0))) -> Gabriel | E18: =IF($L$3<9,"",INDEX(Programação!$O$5:$O$1004,MATCH(9,Programação!$AE$5:$AE$1004,0))) -> 46273 | F18: =IF($L$3<9,"",INDEX(Programação!$P$5:$P$1004,MATCH(9,Programação!$AE$5:$AE$1004,0))) -> 46275 | G18: =IF($A18="","",IF($H18<>"","Concluída",IF($F18<$C$3,"Atrasada",IF($F18=$C$3,"Fecha neste dia","Em execução")))) -> Concluída | H18: =IF($L$3<9,"",IF(INDEX(Programação!$AT$5:$AT$1004,MATCH(9,Programação!$AE$5:$AE$1004,0))="","",INDEX(Programação!$AT$5:$AT$1004,MATCH(9,Programação!$AE$5:$AE$1004,0)))) -> 46273 | I18: =IF($L$3<9,"",MATCH(9,Programação!$AE$5:$AE$1004,0)+4) -> 287 | L18: =IF($J18="","",IFERROR(INDEX(Programação!$D$5:$D$1004,$J18-4)&" · "&INDEX(Programação!$F$5:$F$1004,$J18-4),"⚠ linha não encontrada"))
A19: =IF($L$3<10,"",INDEX(Programação!$D$5:$D$1004,MATCH(10,Programação!$AE$5:$AE$1004,0))) -> F-1064 | B19: =IF($L$3<10,"",INDEX(Programação!$E$5:$E$1004,MATCH(10,Programação!$AE$5:$AE$1004,0))) -> Programação 08/09 | C19: =IF($L$3<10,"",INDEX(Programação!$F$5:$F$1004,MATCH(10,Programação!$AE$5:$AE$1004,0))) -> Lubrificar quinta roda | D19: =IF($L$3<10,"",INDEX(Programação!$AG$5:$AG$1004,MATCH(10,Programação!$AE$5:$AE$1004,0))) -> Gabriel · Júnior | E19: =IF($L$3<10,"",INDEX(Programação!$O$5:$O$1004,MATCH(10,Programação!$AE$5:$AE$1004,0))) -> 46273 | F19: =IF($L$3<10,"",INDEX(Programação!$P$5:$P$1004,MATCH(10,Programação!$AE$5:$AE$1004,0))) -> 46274 | G19: =IF($A19="","",IF($H19<>"","Concluída",IF($F19<$C$3,"Atrasada",IF($F19=$C$3,"Fecha neste dia","Em execução")))) -> Concluída | H19: =IF($L$3<10,"",IF(INDEX(Programação!$AT$5:$AT$1004,MATCH(10,Programação!$AE$5:$AE$1004,0))="","",INDEX(Programação!$AT$5:$AT$1004,MATCH(10,Programação!$AE$5:$AE$1004,0)))) -> 46273 | I19: =IF($L$3<10,"",MATCH(10,Programação!$AE$5:$AE$1004,0)+4) -> 289 | L19: =IF($J19="","",IFERROR(INDEX(Programação!$D$5:$D$1004,$J19-4)&" · "&INDEX(Programação!$F$5:$F$1004,$J19-4),"⚠ linha não encontrada"))
A20: =IF($L$3<11,"",INDEX(Programação!$D$5:$D$1004,MATCH(11,Programação!$AE$5:$AE$1004,0))) -> F-1064 | B20: =IF($L$3<11,"",INDEX(Programação!$E$5:$E$1004,MATCH(11,Programação!$AE$5:$AE$1004,0))) -> Programação 08/09 | C20: =IF($L$3<11,"",INDEX(Programação!$F$5:$F$1004,MATCH(11,Programação!$AE$5:$AE$1004,0))) -> Instalar tag da frota | D20: =IF($L$3<11,"",INDEX(Programação!$AG$5:$AG$1004,MATCH(11,Programação!$AE$5:$AE$1004,0))) -> Gabriel · Júnior | E20: =IF($L$3<11,"",INDEX(Programação!$O$5:$O$1004,MATCH(11,Programação!$AE$5:$AE$1004,0))) -> 46273 | F20: =IF($L$3<11,"",INDEX(Programação!$P$5:$P$1004,MATCH(11,Programação!$AE$5:$AE$1004,0))) -> 46274 | G20: =IF($A20="","",IF($H20<>"","Concluída",IF($F20<$C$3,"Atrasada",IF($F20=$C$3,"Fecha neste dia","Em execução")))) -> Concluída | H20: =IF($L$3<11,"",IF(INDEX(Programação!$AT$5:$AT$1004,MATCH(11,Programação!$AE$5:$AE$1004,0))="","",INDEX(Programação!$AT$5:$AT$1004,MATCH(11,Programação!$AE$5:$AE$1004,0)))) -> 46273 | I20: =IF($L$3<11,"",MATCH(11,Programação!$AE$5:$AE$1004,0)+4) -> 290 | L20: =IF($J20="","",IFERROR(INDEX(Programação!$D$5:$D$1004,$J20-4)&" · "&INDEX(Programação!$F$5:$F$1004,$J20-4),"⚠ linha não encontrada"))
A21: =IF($L$3<12,"",INDEX(Programação!$D$5:$D$1004,MATCH(12,Programação!$AE$5:$AE$1004,0))) -> F-1064 | B21: =IF($L$3<12,"",INDEX(Programação!$E$5:$E$1004,MATCH(12,Programação!$AE$5:$AE$1004,0))) -> Programação 08/09 | C21: =IF($L$3<12,"",INDEX(Programação!$F$5:$F$1004,MATCH(12,Programação!$AE$5:$AE$1004,0))) -> Instalar indicadores de folga nas porcas de roda | D21: =IF($L$3<12,"",INDEX(Programação!$AG$5:$AG$1004,MATCH(12,Programação!$AE$5:$AE$1004,0))) -> Luiz Paulo | E21: =IF($L$3<12,"",INDEX(Programação!$O$5:$O$1004,MATCH(12,Programação!$AE$5:$AE$1004,0))) -> 46274 | F21: =IF($L$3<12,"",INDEX(Programação!$P$5:$P$1004,MATCH(12,Programação!$AE$5:$AE$1004,0))) -> 46276 | G21: =IF($A21="","",IF($H21<>"","Concluída",IF($F21<$C$3,"Atrasada",IF($F21=$C$3,"Fecha neste dia","Em execução")))) -> Concluída | H21: =IF($L$3<12,"",IF(INDEX(Programação!$AT$5:$AT$1004,MATCH(12,Programação!$AE$5:$AE$1004,0))="","",INDEX(Programação!$AT$5:$AT$1004,MATCH(12,Programação!$AE$5:$AE$1004,0)))) -> 46274 | I21: =IF($L$3<12,"",MATCH(12,Programação!$AE$5:$AE$1004,0)+4) -> 291 | L21: =IF($J21="","",IFERROR(INDEX(Programação!$D$5:$D$1004,$J21-4)&" · "&INDEX(Programação!$F$5:$F$1004,$J21-4),"⚠ linha não encontrada"))
A22: =IF($L$3<13,"",INDEX(Programação!$D$5:$D$1004,MATCH(13,Programação!$AE$5:$AE$1004,0))) -> F-1064 | B22: =IF($L$3<13,"",INDEX(Programação!$E$5:$E$1004,MATCH(13,Programação!$AE$5:$AE$1004,0))) -> Programação 08/09 | C22: =IF($L$3<13,"",INDEX(Programação!$F$5:$F$1004,MATCH(13,Programação!$AE$5:$AE$1004,0))) -> Substituir estepe avariado na banda de rodagem | D22: =IF($L$3<13,"",INDEX(Programação!$AG$5:$AG$1004,MATCH(13,Programação!$AE$5:$AE$1004,0))) -> Gabriel · Júnior | E22: =IF($L$3<13,"",INDEX(Programação!$O$5:$O$1004,MATCH(13,Programação!$AE$5:$AE$1004,0))) -> 46273 | F22: =IF($L$3<13,"",INDEX(Programação!$P$5:$P$1004,MATCH(13,Programação!$AE$5:$AE$1004,0))) -> 46276 | G22: =IF($A22="","",IF($H22<>"","Concluída",IF($F22<$C$3,"Atrasada",IF($F22=$C$3,"Fecha neste dia","Em execução")))) -> Em execução | H22: =IF($L$3<13,"",IF(INDEX(Programação!$AT$5:$AT$1004,MATCH(13,Programação!$AE$5:$AE$1004,0))="","",INDEX(Programação!$AT$5:$AT$1004,MATCH(13,Programação!$AE$5:$AE$1004,0)))) | I22: =IF($L$3<13,"",MATCH(13,Programação!$AE$5:$AE$1004,0)+4) -> 292 | L22: =IF($J22="","",IFERROR(INDEX(Programação!$D$5:$D$1004,$J22-4)&" · "&INDEX(Programação!$F$5:$F$1004,$J22-4),"⚠ linha não encontrada"))
A23: =IF($L$3<14,"",INDEX(Programação!$D$5:$D$1004,MATCH(14,Programação!$AE$5:$AE$1004,0))) -> F-1064 | B23: =IF($L$3<14,"",INDEX(Programação!$E$5:$E$1004,MATCH(14,Programação!$AE$5:$AE$1004,0))) -> Programação 08/09 | C23: =IF($L$3<14,"",INDEX(Programação!$F$5:$F$1004,MATCH(14,Programação!$AE$5:$AE$1004,0))) -> Instalar quebra dedo na trava da tampa do baú LD | D23: =IF($L$3<14,"",INDEX(Programação!$AG$5:$AG$1004,MATCH(14,Programação!$AE$5:$AE$1004,0))) -> Gabriel · Júnior | E23: =IF($L$3<14,"",INDEX(Programação!$O$5:$O$1004,MATCH(14,Programação!$AE$5:$AE$1004,0))) -> 46273 | F23: =IF($L$3<14,"",INDEX(Programação!$P$5:$P$1004,MATCH(14,Programação!$AE$5:$AE$1004,0))) -> 46276 | G23: =IF($A23="","",IF($H23<>"","Concluída",IF($F23<$C$3,"Atrasada",IF($F23=$C$3,"Fecha neste dia","Em execução")))) -> Em execução | H23: =IF($L$3<14,"",IF(INDEX(Programação!$AT$5:$AT$1004,MATCH(14,Programação!$AE$5:$AE$1004,0))="","",INDEX(Programação!$AT$5:$AT$1004,MATCH(14,Programação!$AE$5:$AE$1004,0)))) | I23: =IF($L$3<14,"",MATCH(14,Programação!$AE$5:$AE$1004,0)+4) -> 293 | L23: =IF($J23="","",IFERROR(INDEX(Programação!$D$5:$D$1004,$J23-4)&" · "&INDEX(Programação!$F$5:$F$1004,$J23-4),"⚠ linha não encontrada"))
A24: =IF($L$3<15,"",INDEX(Programação!$D$5:$D$1004,MATCH(15,Programação!$AE$5:$AE$1004,0))) -> F-1065 | B24: =IF($L$3<15,"",INDEX(Programação!$E$5:$E$1004,MATCH(15,Programação!$AE$5:$AE$1004,0))) -> Programação 08/09 | C24: =IF($L$3<15,"",INDEX(Programação!$F$5:$F$1004,MATCH(15,Programação!$AE$5:$AE$1004,0))) -> Instalar sirene de ré | D24: =IF($L$3<15,"",INDEX(Programação!$AG$5:$AG$1004,MATCH(15,Programação!$AE$5:$AE$1004,0))) -> Gabriel · Júnior | E24: =IF($L$3<15,"",INDEX(Programação!$O$5:$O$1004,MATCH(15,Programação!$AE$5:$AE$1004,0))) -> 46273 | F24: =IF($L$3<15,"",INDEX(Programação!$P$5:$P$1004,MATCH(15,Programação!$AE$5:$AE$1004,0))) -> 46274 | G24: =IF($A24="","",IF($H24<>"","Concluída",IF($F24<$C$3,"Atrasada",IF($F24=$C$3,"Fecha neste dia","Em execução")))) -> Concluída | H24: =IF($L$3<15,"",IF(INDEX(Programação!$AT$5:$AT$1004,MATCH(15,Programação!$AE$5:$AE$1004,0))="","",INDEX(Programação!$AT$5:$AT$1004,MATCH(15,Programação!$AE$5:$AE$1004,0)))) -> 46274 | I24: =IF($L$3<15,"",MATCH(15,Programação!$AE$5:$AE$1004,0)+4) -> 294 | L24: =IF($J24="","",IFERROR(INDEX(Programação!$D$5:$D$1004,$J24-4)&" · "&INDEX(Programação!$F$5:$F$1004,$J24-4),"⚠ linha não encontrada"))
A25: =IF($L$3<16,"",INDEX(Programação!$D$5:$D$1004,MATCH(16,Programação!$AE$5:$AE$1004,0))) -> F-1065 | B25: =IF($L$3<16,"",INDEX(Programação!$E$5:$E$1004,MATCH(16,Programação!$AE$5:$AE$1004,0))) -> Programação 08/09 | C25: =IF($L$3<16,"",INDEX(Programação!$F$5:$F$1004,MATCH(16,Programação!$AE$5:$AE$1004,0))) -> Instalar tag da frota | D25: =IF($L$3<16,"",INDEX(Programação!$AG$5:$AG$1004,MATCH(16,Programação!$AE$5:$AE$1004,0))) -> Gabriel · Júnior | E25: =IF($L$3<16,"",INDEX(Programação!$O$5:$O$1004,MATCH(16,Programação!$AE$5:$AE$1004,0))) -> 46273 | F25: =IF($L$3<16,"",INDEX(Programação!$P$5:$P$1004,MATCH(16,Programação!$AE$5:$AE$1004,0))) -> 46275 | G25: =IF($A25="","",IF($H25<>"","Concluída",IF($F25<$C$3,"Atrasada",IF($F25=$C$3,"Fecha neste dia","Em execução")))) -> Concluída | H25: =IF($L$3<16,"",IF(INDEX(Programação!$AT$5:$AT$1004,MATCH(16,Programação!$AE$5:$AE$1004,0))="","",INDEX(Programação!$AT$5:$AT$1004,MATCH(16,Programação!$AE$5:$AE$1004,0)))) -> 46273 | I25: =IF($L$3<16,"",MATCH(16,Programação!$AE$5:$AE$1004,0)+4) -> 295 | L25: =IF($J25="","",IFERROR(INDEX(Programação!$D$5:$D$1004,$J25-4)&" · "&INDEX(Programação!$F$5:$F$1004,$J25-4),"⚠ linha não encontrada"))
A26: =IF($L$3<17,"",INDEX(Programação!$D$5:$D$1004,MATCH(17,Programação!$AE$5:$AE$1004,0))) -> F-1065 | B26: =IF($L$3<17,"",INDEX(Programação!$E$5:$E$1004,MATCH(17,Programação!$AE$5:$AE$1004,0))) -> Programação 08/09 | C26: =IF($L$3<17,"",INDEX(Programação!$F$5:$F$1004,MATCH(17,Programação!$AE$5:$AE$1004,0))) -> Instalar indicadores de folga nas porcas de roda | D26: =IF($L$3<17,"",INDEX(Programação!$AG$5:$AG$1004,MATCH(17,Programação!$AE$5:$AE$1004,0))) -> Luiz Paulo | E26: =IF($L$3<17,"",INDEX(Programação!$O$5:$O$1004,MATCH(17,Programação!$AE$5:$AE$1004,0))) -> 46274 | F26: =IF($L$3<17,"",INDEX(Programação!$P$5:$P$1004,MATCH(17,Programação!$AE$5:$AE$1004,0))) -> 46277 | G26: =IF($A26="","",IF($H26<>"","Concluída",IF($F26<$C$3,"Atrasada",IF($F26=$C$3,"Fecha neste dia","Em execução")))) -> Concluída | H26: =IF($L$3<17,"",IF(INDEX(Programação!$AT$5:$AT$1004,MATCH(17,Programação!$AE$5:$AE$1004,0))="","",INDEX(Programação!$AT$5:$AT$1004,MATCH(17,Programação!$AE$5:$AE$1004,0)))) -> 46274 | I26: =IF($L$3<17,"",MATCH(17,Programação!$AE$5:$AE$1004,0)+4) -> 296 | L26: =IF($J26="","",IFERROR(INDEX(Programação!$D$5:$D$1004,$J26-4)&" · "&INDEX(Programação!$F$5:$F$1004,$J26-4),"⚠ linha não encontrada"))
A27: =IF($L$3<18,"",INDEX(Programação!$D$5:$D$1004,MATCH(18,Programação!$AE$5:$AE$1004,0))) -> F-1063 | B27: =IF($L$3<18,"",INDEX(Programação!$E$5:$E$1004,MATCH(18,Programação!$AE$5:$AE$1004,0))) -> Programação 08/09 | C27: =IF($L$3<18,"",INDEX(Programação!$F$5:$F$1004,MATCH(18,Programação!$AE$5:$AE$1004,0))) -> Fixar para-lama primeiro eixo LD | D27: =IF($L$3<18,"",INDEX(Programação!$AG$5:$AG$1004,MATCH(18,Programação!$AE$5:$AE$1004,0))) -> Gabriel · Júnior | E27: =IF($L$3<18,"",INDEX(Programação!$O$5:$O$1004,MATCH(18,Programação!$AE$5:$AE$1004,0))) -> 46273 | F27: =IF($L$3<18,"",INDEX(Programação!$P$5:$P$1004,MATCH(18,Programação!$AE$5:$AE$1004,0))) -> 46274 | G27: =IF($A27="","",IF($H27<>"","Concluída",IF($F27<$C$3,"Atrasada",IF($F27=$C$3,"Fecha neste dia","Em execução")))) -> Concluída | H27: =IF($L$3<18,"",IF(INDEX(Programação!$AT$5:$AT$1004,MATCH(18,Programação!$AE$5:$AE$1004,0))="","",INDEX(Programação!$AT$5:$AT$1004,MATCH(18,Programação!$AE$5:$AE$1004,0)))) -> 46273 | I27: =IF($L$3<18,"",MATCH(18,Programação!$AE$5:$AE$1004,0)+4) -> 297 | L27: =IF($J27="","",IFERROR(INDEX(Programação!$D$5:$D$1004,$J27-4)&" · "&INDEX(Programação!$F$5:$F$1004,$J27-4),"⚠ linha não encontrada"))
A28: =IF($L$3<19,"",INDEX(Programação!$D$5:$D$1004,MATCH(19,Programação!$AE$5:$AE$1004,0))) -> F-1063 | B28: =IF($L$3<19,"",INDEX(Programação!$E$5:$E$1004,MATCH(19,Programação!$AE$5:$AE$1004,0))) -> Programação 08/09 | C28: =IF($L$3<19,"",INDEX(Programação!$F$5:$F$1004,MATCH(19,Programação!$AE$5:$AE$1004,0))) -> Fixar grade de proteção do ciclista traseira LD | D28: =IF($L$3<19,"",INDEX(Programação!$AG$5:$AG$1004,MATCH(19,Programação!$AE$5:$AE$1004,0))) -> Gabriel · Júnior | E28: =IF($L$3<19,"",INDEX(Programação!$O$5:$O$1004,MATCH(19,Programação!$AE$5:$AE$1004,0))) -> 46273 | F28: =IF($L$3<19,"",INDEX(Programação!$P$5:$P$1004,MATCH(19,Programação!$AE$5:$AE$1004,0))) -> 46276 | G28: =IF($A28="","",IF($H28<>"","Concluída",IF($F28<$C$3,"Atrasada",IF($F28=$C$3,"Fecha neste dia","Em execução")))) -> Concluída | H28: =IF($L$3<19,"",IF(INDEX(Programação!$AT$5:$AT$1004,MATCH(19,Programação!$AE$5:$AE$1004,0))="","",INDEX(Programação!$AT$5:$AT$1004,MATCH(19,Programação!$AE$5:$AE$1004,0)))) -> 46273 | I28: =IF($L$3<19,"",MATCH(19,Programação!$AE$5:$AE$1004,0)+4) -> 298 | L28: =IF($J28="","",IFERROR(INDEX(Programação!$D$5:$D$1004,$J28-4)&" · "&INDEX(Programação!$F$5:$F$1004,$J28-4),"⚠ linha não encontrada"))
A29: =IF($L$3<20,"",INDEX(Programação!$D$5:$D$1004,MATCH(20,Programação!$AE$5:$AE$1004,0))) -> F-1062 | B29: =IF($L$3<20,"",INDEX(Programação!$E$5:$E$1004,MATCH(20,Programação!$AE$5:$AE$1004,0))) -> Programação 08/09 | C29: =IF($L$3<20,"",INDEX(Programação!$F$5:$F$1004,MATCH(20,Programação!$AE$5:$AE$1004,0))) -> Fixar para-lama terceiro eixo LE | D29: =IF($L$3<20,"",INDEX(Programação!$AG$5:$AG$1004,MATCH(20,Programação!$AE$5:$AE$1004,0))) -> Gabriel · Júnior | E29: =IF($L$3<20,"",INDEX(Programação!$O$5:$O$1004,MATCH(20,Programação!$AE$5:$AE$1004,0))) -> 46273 | F29: =IF($L$3<20,"",INDEX(Programação!$P$5:$P$1004,MATCH(20,Programação!$AE$5:$AE$1004,0))) -> 46274 | G29: =IF($A29="","",IF($H29<>"","Concluída",IF($F29<$C$3,"Atrasada",IF($F29=$C$3,"Fecha neste dia","Em execução")))) -> Concluída | H29: =IF($L$3<20,"",IF(INDEX(Programação!$AT$5:$AT$1004,MATCH(20,Programação!$AE$5:$AE$1004,0))="","",INDEX(Programação!$AT$5:$AT$1004,MATCH(20,Programação!$AE$5:$AE$1004,0)))) -> 46273 | I29: =IF($L$3<20,"",MATCH(20,Programação!$AE$5:$AE$1004,0)+4) -> 300 | L29: =IF($J29="","",IFERROR(INDEX(Programação!$D$5:$D$1004,$J29-4)&" · "&INDEX(Programação!$F$5:$F$1004,$J29-4),"⚠ linha não encontrada"))
A30: =IF($L$3<21,"",INDEX(Programação!$D$5:$D$1004,MATCH(21,Programação!$AE$5:$AE$1004,0))) -> F-1062 | B30: =IF($L$3<21,"",INDEX(Programação!$E$5:$E$1004,MATCH(21,Programação!$AE$5:$AE$1004,0))) -> Programação 08/09 | C30: =IF($L$3<21,"",INDEX(Programação!$F$5:$F$1004,MATCH(21,Programação!$AE$5:$AE$1004,0))) -> Regular freios segundo e terceiro eixo | D30: =IF($L$3<21,"",INDEX(Programação!$AG$5:$AG$1004,MATCH(21,Programação!$AE$5:$AE$1004,0))) -> Gabriel · Júnior | E30: =IF($L$3<21,"",INDEX(Programação!$O$5:$O$1004,MATCH(21,Programação!$AE$5:$AE$1004,0))) -> 46273 | F30: =IF($L$3<21,"",INDEX(Programação!$P$5:$P$1004,MATCH(21,Programação!$AE$5:$AE$1004,0))) -> 46274 | G30: =IF($A30="","",IF($H30<>"","Concluída",IF($F30<$C$3,"Atrasada",IF($F30=$C$3,"Fecha neste dia","Em execução")))) -> Concluída | H30: =IF($L$3<21,"",IF(INDEX(Programação!$AT$5:$AT$1004,MATCH(21,Programação!$AE$5:$AE$1004,0))="","",INDEX(Programação!$AT$5:$AT$1004,MATCH(21,Programação!$AE$5:$AE$1004,0)))) -> 46273 | I30: =IF($L$3<21,"",MATCH(21,Programação!$AE$5:$AE$1004,0)+4) -> 301
A31: =IF($L$3<22,"",INDEX(Programação!$D$5:$D$1004,MATCH(22,Programação!$AE$5:$AE$1004,0))) -> F-1062 | B31: =IF($L$3<22,"",INDEX(Programação!$E$5:$E$1004,MATCH(22,Programação!$AE$5:$AE$1004,0))) -> Programação 08/09 | C31: =IF($L$3<22,"",INDEX(Programação!$F$5:$F$1004,MATCH(22,Programação!$AE$5:$AE$1004,0))) -> Repor parafusos das tampas do cubo de roda primeiro e terceiro eixo LE | D31: =IF($L$3<22,"",INDEX(Programação!$AG$5:$AG$1004,MATCH(22,Programação!$AE$5:$AE$1004,0))) -> Gabriel · Júnior | E31: =IF($L$3<22,"",INDEX(Programação!$O$5:$O$1004,MATCH(22,Programação!$AE$5:$AE$1004,0))) -> 46273 | F31: =IF($L$3<22,"",INDEX(Programação!$P$5:$P$1004,MATCH(22,Programação!$AE$5:$AE$1004,0))) -> 46275 | G31: =IF($A31="","",IF($H31<>"","Concluída",IF($F31<$C$3,"Atrasada",IF($F31=$C$3,"Fecha neste dia","Em execução")))) -> Concluída | H31: =IF($L$3<22,"",IF(INDEX(Programação!$AT$5:$AT$1004,MATCH(22,Programação!$AE$5:$AE$1004,0))="","",INDEX(Programação!$AT$5:$AT$1004,MATCH(22,Programação!$AE$5:$AE$1004,0)))) -> 46273 | I31: =IF($L$3<22,"",MATCH(22,Programação!$AE$5:$AE$1004,0)+4) -> 303
A32: =IF($L$3<23,"",INDEX(Programação!$D$5:$D$1004,MATCH(23,Programação!$AE$5:$AE$1004,0))) -> F-580 | B32: =IF($L$3<23,"",INDEX(Programação!$E$5:$E$1004,MATCH(23,Programação!$AE$5:$AE$1004,0))) -> Programação 09/09 | C32: =IF($L$3<23,"",INDEX(Programação!$F$5:$F$1004,MATCH(23,Programação!$AE$5:$AE$1004,0))) -> Retirar módulo | D32: =IF($L$3<23,"",INDEX(Programação!$AG$5:$AG$1004,MATCH(23,Programação!$AE$5:$AE$1004,0))) -> Alexandre | E32: =IF($L$3<23,"",INDEX(Programação!$O$5:$O$1004,MATCH(23,Programação!$AE$5:$AE$1004,0))) -> 46274 | F32: =IF($L$3<23,"",INDEX(Programação!$P$5:$P$1004,MATCH(23,Programação!$AE$5:$AE$1004,0))) -> 46276 | G32: =IF($A32="","",IF($H32<>"","Concluída",IF($F32<$C$3,"Atrasada",IF($F32=$C$3,"Fecha neste dia","Em execução")))) -> Em execução | H32: =IF($L$3<23,"",IF(INDEX(Programação!$AT$5:$AT$1004,MATCH(23,Programação!$AE$5:$AE$1004,0))="","",INDEX(Programação!$AT$5:$AT$1004,MATCH(23,Programação!$AE$5:$AE$1004,0)))) | I32: =IF($L$3<23,"",MATCH(23,Programação!$AE$5:$AE$1004,0)+4) -> 363
A33: =IF($L$3<24,"",INDEX(Programação!$D$5:$D$1004,MATCH(24,Programação!$AE$5:$AE$1004,0))) -> F-938 | B33: =IF($L$3<24,"",INDEX(Programação!$E$5:$E$1004,MATCH(24,Programação!$AE$5:$AE$1004,0))) -> Programação 09/09 | C33: =IF($L$3<24,"",INDEX(Programação!$F$5:$F$1004,MATCH(24,Programação!$AE$5:$AE$1004,0))) -> Trocar baterias | D33: =IF($L$3<24,"",INDEX(Programação!$AG$5:$AG$1004,MATCH(24,Programação!$AE$5:$AE$1004,0))) -> Alexandre · Gabriel | E33: =IF($L$3<24,"",INDEX(Programação!$O$5:$O$1004,MATCH(24,Programação!$AE$5:$AE$1004,0))) -> 46274 | F33: =IF($L$3<24,"",INDEX(Programação!$P$5:$P$1004,MATCH(24,Programação!$AE$5:$AE$1004,0))) -> 46275 | G33: =IF($A33="","",IF($H33<>"","Concluída",IF($F33<$C$3,"Atrasada",IF($F33=$C$3,"Fecha neste dia","Em execução")))) -> Em execução | H33: =IF($L$3<24,"",IF(INDEX(Programação!$AT$5:$AT$1004,MATCH(24,Programação!$AE$5:$AE$1004,0))="","",INDEX(Programação!$AT$5:$AT$1004,MATCH(24,Programação!$AE$5:$AE$1004,0)))) | I33: =IF($L$3<24,"",MATCH(24,Programação!$AE$5:$AE$1004,0)+4) -> 364
A34: =IF($L$3<25,"",INDEX(Programação!$D$5:$D$1004,MATCH(25,Programação!$AE$5:$AE$1004,0))) -> F-815 | B34: =IF($L$3<25,"",INDEX(Programação!$E$5:$E$1004,MATCH(25,Programação!$AE$5:$AE$1004,0))) -> Programação 09/09 | C34: =IF($L$3<25,"",INDEX(Programação!$F$5:$F$1004,MATCH(25,Programação!$AE$5:$AE$1004,0))) -> Montar retrovisor | D34: =IF($L$3<25,"",INDEX(Programação!$AG$5:$AG$1004,MATCH(25,Programação!$AE$5:$AE$1004,0))) -> Heliton | E34: =IF($L$3<25,"",INDEX(Programação!$O$5:$O$1004,MATCH(25,Programação!$AE$5:$AE$1004,0))) -> 46274 | F34: =IF($L$3<25,"",INDEX(Programação!$P$5:$P$1004,MATCH(25,Programação!$AE$5:$AE$1004,0))) -> 46275 | G34: =IF($A34="","",IF($H34<>"","Concluída",IF($F34<$C$3,"Atrasada",IF($F34=$C$3,"Fecha neste dia","Em execução")))) -> Em execução | H34: =IF($L$3<25,"",IF(INDEX(Programação!$AT$5:$AT$1004,MATCH(25,Programação!$AE$5:$AE$1004,0))="","",INDEX(Programação!$AT$5:$AT$1004,MATCH(25,Programação!$AE$5:$AE$1004,0)))) | I34: =IF($L$3<25,"",MATCH(25,Programação!$AE$5:$AE$1004,0)+4) -> 365
A35: =IF($L$3<26,"",INDEX(Programação!$D$5:$D$1004,MATCH(26,Programação!$AE$5:$AE$1004,0))) -> F-426 | B35: =IF($L$3<26,"",INDEX(Programação!$E$5:$E$1004,MATCH(26,Programação!$AE$5:$AE$1004,0))) -> Programação 09/09 | C35: =IF($L$3<26,"",INDEX(Programação!$F$5:$F$1004,MATCH(26,Programação!$AE$5:$AE$1004,0))) -> Corrigir parte elétrica | D35: =IF($L$3<26,"",INDEX(Programação!$AG$5:$AG$1004,MATCH(26,Programação!$AE$5:$AE$1004,0))) -> Alexandre · Gabriel | E35: =IF($L$3<26,"",INDEX(Programação!$O$5:$O$1004,MATCH(26,Programação!$AE$5:$AE$1004,0))) -> 46274 | F35: =IF($L$3<26,"",INDEX(Programação!$P$5:$P$1004,MATCH(26,Programação!$AE$5:$AE$1004,0))) -> 46276 | G35: =IF($A35="","",IF($H35<>"","Concluída",IF($F35<$C$3,"Atrasada",IF($F35=$C$3,"Fecha neste dia","Em execução")))) -> Em execução | H35: =IF($L$3<26,"",IF(INDEX(Programação!$AT$5:$AT$1004,MATCH(26,Programação!$AE$5:$AE$1004,0))="","",INDEX(Programação!$AT$5:$AT$1004,MATCH(26,Programação!$AE$5:$AE$1004,0)))) | I35: =IF($L$3<26,"",MATCH(26,Programação!$AE$5:$AE$1004,0)+4) -> 366
A36: =IF($L$3<27,"",INDEX(Programação!$D$5:$D$1004,MATCH(27,Programação!$AE$5:$AE$1004,0))) -> F-618 | B36: =IF($L$3<27,"",INDEX(Programação!$E$5:$E$1004,MATCH(27,Programação!$AE$5:$AE$1004,0))) -> Programação 09/09 | C36: =IF($L$3<27,"",INDEX(Programação!$F$5:$F$1004,MATCH(27,Programação!$AE$5:$AE$1004,0))) -> Montar porta LE | D36: =IF($L$3<27,"",INDEX(Programação!$AG$5:$AG$1004,MATCH(27,Programação!$AE$5:$AE$1004,0))) -> Júnior | E36: =IF($L$3<27,"",INDEX(Programação!$O$5:$O$1004,MATCH(27,Programação!$AE$5:$AE$1004,0))) -> 46274 | F36: =IF($L$3<27,"",INDEX(Programação!$P$5:$P$1004,MATCH(27,Programação!$AE$5:$AE$1004,0))) -> 46275 | G36: =IF($A36="","",IF($H36<>"","Concluída",IF($F36<$C$3,"Atrasada",IF($F36=$C$3,"Fecha neste dia","Em execução")))) -> Em execução | H36: =IF($L$3<27,"",IF(INDEX(Programação!$AT$5:$AT$1004,MATCH(27,Programação!$AE$5:$AE$1004,0))="","",INDEX(Programação!$AT$5:$AT$1004,MATCH(27,Programação!$AE$5:$AE$1004,0)))) | I36: =IF($L$3<27,"",MATCH(27,Programação!$AE$5:$AE$1004,0)+4) -> 367
A37: =IF($L$3<28,"",INDEX(Programação!$D$5:$D$1004,MATCH(28,Programação!$AE$5:$AE$1004,0))) -> F-618 | B37: =IF($L$3<28,"",INDEX(Programação!$E$5:$E$1004,MATCH(28,Programação!$AE$5:$AE$1004,0))) -> Programação 09/09 | C37: =IF($L$3<28,"",INDEX(Programação!$F$5:$F$1004,MATCH(28,Programação!$AE$5:$AE$1004,0))) -> Instalar motor do vidro | D37: =IF($L$3<28,"",INDEX(Programação!$AG$5:$AG$1004,MATCH(28,Programação!$AE$5:$AE$1004,0))) -> Júnior | E37: =IF($L$3<28,"",INDEX(Programação!$O$5:$O$1004,MATCH(28,Programação!$AE$5:$AE$1004,0))) -> 46274 | F37: =IF($L$3<28,"",INDEX(Programação!$P$5:$P$1004,MATCH(28,Programação!$AE$5:$AE$1004,0))) -> 46276 | G37: =IF($A37="","",IF($H37<>"","Concluída",IF($F37<$C$3,"Atrasada",IF($F37=$C$3,"Fecha neste dia","Em execução")))) -> Em execução | H37: =IF($L$3<28,"",IF(INDEX(Programação!$AT$5:$AT$1004,MATCH(28,Programação!$AE$5:$AE$1004,0))="","",INDEX(Programação!$AT$5:$AT$1004,MATCH(28,Programação!$AE$5:$AE$1004,0)))) | I37: =IF($L$3<28,"",MATCH(28,Programação!$AE$5:$AE$1004,0)+4) -> 368
A38: =IF($L$3<29,"",INDEX(Programação!$D$5:$D$1004,MATCH(29,Programação!$AE$5:$AE$1004,0))) -> F-962 | B38: =IF($L$3<29,"",INDEX(Programação!$E$5:$E$1004,MATCH(29,Programação!$AE$5:$AE$1004,0))) -> Programação 09/09 | C38: =IF($L$3<29,"",INDEX(Programação!$F$5:$F$1004,MATCH(29,Programação!$AE$5:$AE$1004,0))) -> Fabricar tampa da caixa | D38: =IF($L$3<29,"",INDEX(Programação!$AG$5:$AG$1004,MATCH(29,Programação!$AE$5:$AE$1004,0))) -> Edilberto | E38: =IF($L$3<29,"",INDEX(Programação!$O$5:$O$1004,MATCH(29,Programação!$AE$5:$AE$1004,0))) -> 46274 | F38: =IF($L$3<29,"",INDEX(Programação!$P$5:$P$1004,MATCH(29,Programação!$AE$5:$AE$1004,0))) -> 46282 | G38: =IF($A38="","",IF($H38<>"","Concluída",IF($F38<$C$3,"Atrasada",IF($F38=$C$3,"Fecha neste dia","Em execução")))) -> Em execução | H38: =IF($L$3<29,"",IF(INDEX(Programação!$AT$5:$AT$1004,MATCH(29,Programação!$AE$5:$AE$1004,0))="","",INDEX(Programação!$AT$5:$AT$1004,MATCH(29,Programação!$AE$5:$AE$1004,0)))) | I38: =IF($L$3<29,"",MATCH(29,Programação!$AE$5:$AE$1004,0)+4) -> 369
A39: =IF($L$3<30,"",INDEX(Programação!$D$5:$D$1004,MATCH(30,Programação!$AE$5:$AE$1004,0))) -> F-434 | B39: =IF($L$3<30,"",INDEX(Programação!$E$5:$E$1004,MATCH(30,Programação!$AE$5:$AE$1004,0))) -> Programação 09/09 | C39: =IF($L$3<30,"",INDEX(Programação!$F$5:$F$1004,MATCH(30,Programação!$AE$5:$AE$1004,0))) -> Trocar pneus | D39: =IF($L$3<30,"",INDEX(Programação!$AG$5:$AG$1004,MATCH(30,Programação!$AE$5:$AE$1004,0))) -> Luiz Paulo | E39: =IF($L$3<30,"",INDEX(Programação!$O$5:$O$1004,MATCH(30,Programação!$AE$5:$AE$1004,0))) -> 46274 | F39: =IF($L$3<30,"",INDEX(Programação!$P$5:$P$1004,MATCH(30,Programação!$AE$5:$AE$1004,0))) -> 46275 | G39: =IF($A39="","",IF($H39<>"","Concluída",IF($F39<$C$3,"Atrasada",IF($F39=$C$3,"Fecha neste dia","Em execução")))) -> Em execução | H39: =IF($L$3<30,"",IF(INDEX(Programação!$AT$5:$AT$1004,MATCH(30,Programação!$AE$5:$AE$1004,0))="","",INDEX(Programação!$AT$5:$AT$1004,MATCH(30,Programação!$AE$5:$AE$1004,0)))) | I39: =IF($L$3<30,"",MATCH(30,Programação!$AE$5:$AE$1004,0)+4) -> 370
A40: =IF($L$3<31,"",INDEX(Programação!$D$5:$D$1004,MATCH(31,Programação!$AE$5:$AE$1004,0))) -> F-744 | B40: =IF($L$3<31,"",INDEX(Programação!$E$5:$E$1004,MATCH(31,Programação!$AE$5:$AE$1004,0))) -> Programação 09/09 | C40: =IF($L$3<31,"",INDEX(Programação!$F$5:$F$1004,MATCH(31,Programação!$AE$5:$AE$1004,0))) -> Trocar pneus | D40: =IF($L$3<31,"",INDEX(Programação!$AG$5:$AG$1004,MATCH(31,Programação!$AE$5:$AE$1004,0))) -> Luiz Paulo | E40: =IF($L$3<31,"",INDEX(Programação!$O$5:$O$1004,MATCH(31,Programação!$AE$5:$AE$1004,0))) -> 46274 | F40: =IF($L$3<31,"",INDEX(Programação!$P$5:$P$1004,MATCH(31,Programação!$AE$5:$AE$1004,0))) -> 46275 | G40: =IF($A40="","",IF($H40<>"","Concluída",IF($F40<$C$3,"Atrasada",IF($F40=$C$3,"Fecha neste dia","Em execução")))) -> Em execução | H40: =IF($L$3<31,"",IF(INDEX(Programação!$AT$5:$AT$1004,MATCH(31,Programação!$AE$5:$AE$1004,0))="","",INDEX(Programação!$AT$5:$AT$1004,MATCH(31,Programação!$AE$5:$AE$1004,0)))) | I40: =IF($L$3<31,"",MATCH(31,Programação!$AE$5:$AE$1004,0)+4) -> 371
A41: =IF($L$3<32,"",INDEX(Programação!$D$5:$D$1004,MATCH(32,Programação!$AE$5:$AE$1004,0))) -> F-1060 | B41: =IF($L$3<32,"",INDEX(Programação!$E$5:$E$1004,MATCH(32,Programação!$AE$5:$AE$1004,0))) -> Programação 09/09 | C41: =IF($L$3<32,"",INDEX(Programação!$F$5:$F$1004,MATCH(32,Programação!$AE$5:$AE$1004,0))) -> Instalar indicadores de folga nas porcas de roda | D41: =IF($L$3<32,"",INDEX(Programação!$AG$5:$AG$1004,MATCH(32,Programação!$AE$5:$AE$1004,0))) -> Luiz Paulo | E41: =IF($L$3<32,"",INDEX(Programação!$O$5:$O$1004,MATCH(32,Programação!$AE$5:$AE$1004,0))) -> 46274 | F41: =IF($L$3<32,"",INDEX(Programação!$P$5:$P$1004,MATCH(32,Programação!$AE$5:$AE$1004,0))) -> 46276 | G41: =IF($A41="","",IF($H41<>"","Concluída",IF($F41<$C$3,"Atrasada",IF($F41=$C$3,"Fecha neste dia","Em execução")))) -> Concluída | H41: =IF($L$3<32,"",IF(INDEX(Programação!$AT$5:$AT$1004,MATCH(32,Programação!$AE$5:$AE$1004,0))="","",INDEX(Programação!$AT$5:$AT$1004,MATCH(32,Programação!$AE$5:$AE$1004,0)))) -> 46274 | I41: =IF($L$3<32,"",MATCH(32,Programação!$AE$5:$AE$1004,0)+4) -> 372
A42: =IF($L$3<33,"",INDEX(Programação!$D$5:$D$1004,MATCH(33,Programação!$AE$5:$AE$1004,0))) -> F-1061 | B42: =IF($L$3<33,"",INDEX(Programação!$E$5:$E$1004,MATCH(33,Programação!$AE$5:$AE$1004,0))) -> Programação 09/09 | C42: =IF($L$3<33,"",INDEX(Programação!$F$5:$F$1004,MATCH(33,Programação!$AE$5:$AE$1004,0))) -> Instalar indicadores de folga nas porcas de roda | D42: =IF($L$3<33,"",INDEX(Programação!$AG$5:$AG$1004,MATCH(33,Programação!$AE$5:$AE$1004,0))) -> Luiz Paulo | E42: =IF($L$3<33,"",INDEX(Programação!$O$5:$O$1004,MATCH(33,Programação!$AE$5:$AE$1004,0))) -> 46274 | F42: =IF($L$3<33,"",INDEX(Programação!$P$5:$P$1004,MATCH(33,Programação!$AE$5:$AE$1004,0))) -> 46275 | G42: =IF($A42="","",IF($H42<>"","Concluída",IF($F42<$C$3,"Atrasada",IF($F42=$C$3,"Fecha neste dia","Em execução")))) -> Concluída | H42: =IF($L$3<33,"",IF(INDEX(Programação!$AT$5:$AT$1004,MATCH(33,Programação!$AE$5:$AE$1004,0))="","",INDEX(Programação!$AT$5:$AT$1004,MATCH(33,Programação!$AE$5:$AE$1004,0)))) -> 46274 | I42: =IF($L$3<33,"",MATCH(33,Programação!$AE$5:$AE$1004,0)+4) -> 373
A43: =IF($L$3<34,"",INDEX(Programação!$D$5:$D$1004,MATCH(34,Programação!$AE$5:$AE$1004,0))) -> F-1062 | B43: =IF($L$3<34,"",INDEX(Programação!$E$5:$E$1004,MATCH(34,Programação!$AE$5:$AE$1004,0))) -> Programação 09/09 | C43: =IF($L$3<34,"",INDEX(Programação!$F$5:$F$1004,MATCH(34,Programação!$AE$5:$AE$1004,0))) -> Instalar indicadores de folga nas porcas de roda | D43: =IF($L$3<34,"",INDEX(Programação!$AG$5:$AG$1004,MATCH(34,Programação!$AE$5:$AE$1004,0))) -> Luiz Paulo | E43: =IF($L$3<34,"",INDEX(Programação!$O$5:$O$1004,MATCH(34,Programação!$AE$5:$AE$1004,0))) -> 46274 | F43: =IF($L$3<34,"",INDEX(Programação!$P$5:$P$1004,MATCH(34,Programação!$AE$5:$AE$1004,0))) -> 46276 | G43: =IF($A43="","",IF($H43<>"","Concluída",IF($F43<$C$3,"Atrasada",IF($F43=$C$3,"Fecha neste dia","Em execução")))) -> Concluída | H43: =IF($L$3<34,"",IF(INDEX(Programação!$AT$5:$AT$1004,MATCH(34,Programação!$AE$5:$AE$1004,0))="","",INDEX(Programação!$AT$5:$AT$1004,MATCH(34,Programação!$AE$5:$AE$1004,0)))) -> 46274 | I43: =IF($L$3<34,"",MATCH(34,Programação!$AE$5:$AE$1004,0)+4) -> 374
A44: =IF($L$3<35,"",INDEX(Programação!$D$5:$D$1004,MATCH(35,Programação!$AE$5:$AE$1004,0))) -> F-1063 | B44: =IF($L$3<35,"",INDEX(Programação!$E$5:$E$1004,MATCH(35,Programação!$AE$5:$AE$1004,0))) -> Programação 09/09 | C44: =IF($L$3<35,"",INDEX(Programação!$F$5:$F$1004,MATCH(35,Programação!$AE$5:$AE$1004,0))) -> Instalar indicadores de folga nas porcas de roda | D44: =IF($L$3<35,"",INDEX(Programação!$AG$5:$AG$1004,MATCH(35,Programação!$AE$5:$AE$1004,0))) -> Luiz Paulo | E44: =IF($L$3<35,"",INDEX(Programação!$O$5:$O$1004,MATCH(35,Programação!$AE$5:$AE$1004,0))) -> 46274 | F44: =IF($L$3<35,"",INDEX(Programação!$P$5:$P$1004,MATCH(35,Programação!$AE$5:$AE$1004,0))) -> 46275 | G44: =IF($A44="","",IF($H44<>"","Concluída",IF($F44<$C$3,"Atrasada",IF($F44=$C$3,"Fecha neste dia","Em execução")))) -> Concluída | H44: =IF($L$3<35,"",IF(INDEX(Programação!$AT$5:$AT$1004,MATCH(35,Programação!$AE$5:$AE$1004,0))="","",INDEX(Programação!$AT$5:$AT$1004,MATCH(35,Programação!$AE$5:$AE$1004,0)))) -> 46274 | I44: =IF($L$3<35,"",MATCH(35,Programação!$AE$5:$AE$1004,0)+4) -> 375
A45: =IF($L$3<36,"",INDEX(Programação!$D$5:$D$1004,MATCH(36,Programação!$AE$5:$AE$1004,0))) | B45: =IF($L$3<36,"",INDEX(Programação!$E$5:$E$1004,MATCH(36,Programação!$AE$5:$AE$1004,0))) | C45: =IF($L$3<36,"",INDEX(Programação!$F$5:$F$1004,MATCH(36,Programação!$AE$5:$AE$1004,0))) | D45: =IF($L$3<36,"",INDEX(Programação!$AG$5:$AG$1004,MATCH(36,Programação!$AE$5:$AE$1004,0))) | E45: =IF($L$3<36,"",INDEX(Programação!$O$5:$O$1004,MATCH(36,Programação!$AE$5:$AE$1004,0))) | F45: =IF($L$3<36,"",INDEX(Programação!$P$5:$P$1004,MATCH(36,Programação!$AE$5:$AE$1004,0))) | G45: =IF($A45="","",IF($H45<>"","Concluída",IF($F45<$C$3,"Atrasada",IF($F45=$C$3,"Fecha neste dia","Em execução")))) | H45: =IF($L$3<36,"",IF(INDEX(Programação!$AT$5:$AT$1004,MATCH(36,Programação!$AE$5:$AE$1004,0))="","",INDEX(Programação!$AT$5:$AT$1004,MATCH(36,Programação!$AE$5:$AE$1004,0)))) | I45: =IF($L$3<36,"",MATCH(36,Programação!$AE$5:$AE$1004,0)+4)
A46: =IF($L$3<37,"",INDEX(Programação!$D$5:$D$1004,MATCH(37,Programação!$AE$5:$AE$1004,0))) | B46: =IF($L$3<37,"",INDEX(Programação!$E$5:$E$1004,MATCH(37,Programação!$AE$5:$AE$1004,0))) | C46: =IF($L$3<37,"",INDEX(Programação!$F$5:$F$1004,MATCH(37,Programação!$AE$5:$AE$1004,0))) | D46: =IF($L$3<37,"",INDEX(Programação!$AG$5:$AG$1004,MATCH(37,Programação!$AE$5:$AE$1004,0))) | E46: =IF($L$3<37,"",INDEX(Programação!$O$5:$O$1004,MATCH(37,Programação!$AE$5:$AE$1004,0))) | F46: =IF($L$3<37,"",INDEX(Programação!$P$5:$P$1004,MATCH(37,Programação!$AE$5:$AE$1004,0))) | G46: =IF($A46="","",IF($H46<>"","Concluída",IF($F46<$C$3,"Atrasada",IF($F46=$C$3,"Fecha neste dia","Em execução")))) | H46: =IF($L$3<37,"",IF(INDEX(Programação!$AT$5:$AT$1004,MATCH(37,Programação!$AE$5:$AE$1004,0))="","",INDEX(Programação!$AT$5:$AT$1004,MATCH(37,Programação!$AE$5:$AE$1004,0)))) | I46: =IF($L$3<37,"",MATCH(37,Programação!$AE$5:$AE$1004,0)+4)
A47: =IF($L$3<38,"",INDEX(Programação!$D$5:$D$1004,MATCH(38,Programação!$AE$5:$AE$1004,0))) | B47: =IF($L$3<38,"",INDEX(Programação!$E$5:$E$1004,MATCH(38,Programação!$AE$5:$AE$1004,0))) | C47: =IF($L$3<38,"",INDEX(Programação!$F$5:$F$1004,MATCH(38,Programação!$AE$5:$AE$1004,0))) | D47: =IF($L$3<38,"",INDEX(Programação!$AG$5:$AG$1004,MATCH(38,Programação!$AE$5:$AE$1004,0))) | E47: =IF($L$3<38,"",INDEX(Programação!$O$5:$O$1004,MATCH(38,Programação!$AE$5:$AE$1004,0))) | F47: =IF($L$3<38,"",INDEX(Programação!$P$5:$P$1004,MATCH(38,Programação!$AE$5:$AE$1004,0))) | G47: =IF($A47="","",IF($H47<>"","Concluída",IF($F47<$C$3,"Atrasada",IF($F47=$C$3,"Fecha neste dia","Em execução")))) | H47: =IF($L$3<38,"",IF(INDEX(Programação!$AT$5:$AT$1004,MATCH(38,Programação!$AE$5:$AE$1004,0))="","",INDEX(Programação!$AT$5:$AT$1004,MATCH(38,Programação!$AE$5:$AE$1004,0)))) | I47: =IF($L$3<38,"",MATCH(38,Programação!$AE$5:$AE$1004,0)+4)
A48: =IF($L$3<39,"",INDEX(Programação!$D$5:$D$1004,MATCH(39,Programação!$AE$5:$AE$1004,0))) | B48: =IF($L$3<39,"",INDEX(Programação!$E$5:$E$1004,MATCH(39,Programação!$AE$5:$AE$1004,0))) | C48: =IF($L$3<39,"",INDEX(Programação!$F$5:$F$1004,MATCH(39,Programação!$AE$5:$AE$1004,0))) | D48: =IF($L$3<39,"",INDEX(Programação!$AG$5:$AG$1004,MATCH(39,Programação!$AE$5:$AE$1004,0))) | E48: =IF($L$3<39,"",INDEX(Programação!$O$5:$O$1004,MATCH(39,Programação!$AE$5:$AE$1004,0))) | F48: =IF($L$3<39,"",INDEX(Programação!$P$5:$P$1004,MATCH(39,Programação!$AE$5:$AE$1004,0))) | G48: =IF($A48="","",IF($H48<>"","Concluída",IF($F48<$C$3,"Atrasada",IF($F48=$C$3,"Fecha neste dia","Em execução")))) | H48: =IF($L$3<39,"",IF(INDEX(Programação!$AT$5:$AT$1004,MATCH(39,Programação!$AE$5:$AE$1004,0))="","",INDEX(Programação!$AT$5:$AT$1004,MATCH(39,Programação!$AE$5:$AE$1004,0)))) | I48: =IF($L$3<39,"",MATCH(39,Programação!$AE$5:$AE$1004,0)+4)
A49: =IF($L$3<40,"",INDEX(Programação!$D$5:$D$1004,MATCH(40,Programação!$AE$5:$AE$1004,0))) | B49: =IF($L$3<40,"",INDEX(Programação!$E$5:$E$1004,MATCH(40,Programação!$AE$5:$AE$1004,0))) | C49: =IF($L$3<40,"",INDEX(Programação!$F$5:$F$1004,MATCH(40,Programação!$AE$5:$AE$1004,0))) | D49: =IF($L$3<40,"",INDEX(Programação!$AG$5:$AG$1004,MATCH(40,Programação!$AE$5:$AE$1004,0))) | E49: =IF($L$3<40,"",INDEX(Programação!$O$5:$O$1004,MATCH(40,Programação!$AE$5:$AE$1004,0))) | F49: =IF($L$3<40,"",INDEX(Programação!$P$5:$P$1004,MATCH(40,Programação!$AE$5:$AE$1004,0))) | G49: =IF($A49="","",IF($H49<>"","Concluída",IF($F49<$C$3,"Atrasada",IF($F49=$C$3,"Fecha neste dia","Em execução")))) | H49: =IF($L$3<40,"",IF(INDEX(Programação!$AT$5:$AT$1004,MATCH(40,Programação!$AE$5:$AE$1004,0))="","",INDEX(Programação!$AT$5:$AT$1004,MATCH(40,Programação!$AE$5:$AE$1004,0)))) | I49: =IF($L$3<40,"",MATCH(40,Programação!$AE$5:$AE$1004,0)+4)
A50: =IF($L$3<41,"",INDEX(Programação!$D$5:$D$1004,MATCH(41,Programação!$AE$5:$AE$1004,0))) | B50: =IF($L$3<41,"",INDEX(Programação!$E$5:$E$1004,MATCH(41,Programação!$AE$5:$AE$1004,0))) | C50: =IF($L$3<41,"",INDEX(Programação!$F$5:$F$1004,MATCH(41,Programação!$AE$5:$AE$1004,0))) | D50: =IF($L$3<41,"",INDEX(Programação!$AG$5:$AG$1004,MATCH(41,Programação!$AE$5:$AE$1004,0))) | E50: =IF($L$3<41,"",INDEX(Programação!$O$5:$O$1004,MATCH(41,Programação!$AE$5:$AE$1004,0))) | F50: =IF($L$3<41,"",INDEX(Programação!$P$5:$P$1004,MATCH(41,Programação!$AE$5:$AE$1004,0))) | G50: =IF($A50="","",IF($H50<>"","Concluída",IF($F50<$C$3,"Atrasada",IF($F50=$C$3,"Fecha neste dia","Em execução")))) | H50: =IF($L$3<41,"",IF(INDEX(Programação!$AT$5:$AT$1004,MATCH(41,Programação!$AE$5:$AE$1004,0))="","",INDEX(Programação!$AT$5:$AT$1004,MATCH(41,Programação!$AE$5:$AE$1004,0)))) | I50: =IF($L$3<41,"",MATCH(41,Programação!$AE$5:$AE$1004,0)+4)
A51: =IF($L$3<42,"",INDEX(Programação!$D$5:$D$1004,MATCH(42,Programação!$AE$5:$AE$1004,0))) | B51: =IF($L$3<42,"",INDEX(Programação!$E$5:$E$1004,MATCH(42,Programação!$AE$5:$AE$1004,0))) | C51: =IF($L$3<42,"",INDEX(Programação!$F$5:$F$1004,MATCH(42,Programação!$AE$5:$AE$1004,0))) | D51: =IF($L$3<42,"",INDEX(Programação!$AG$5:$AG$1004,MATCH(42,Programação!$AE$5:$AE$1004,0))) | E51: =IF($L$3<42,"",INDEX(Programação!$O$5:$O$1004,MATCH(42,Programação!$AE$5:$AE$1004,0))) | F51: =IF($L$3<42,"",INDEX(Programação!$P$5:$P$1004,MATCH(42,Programação!$AE$5:$AE$1004,0))) | G51: =IF($A51="","",IF($H51<>"","Concluída",IF($F51<$C$3,"Atrasada",IF($F51=$C$3,"Fecha neste dia","Em execução")))) | H51: =IF($L$3<42,"",IF(INDEX(Programação!$AT$5:$AT$1004,MATCH(42,Programação!$AE$5:$AE$1004,0))="","",INDEX(Programação!$AT$5:$AT$1004,MATCH(42,Programação!$AE$5:$AE$1004,0)))) | I51: =IF($L$3<42,"",MATCH(42,Programação!$AE$5:$AE$1004,0)+4)
A52: =IF($L$3<43,"",INDEX(Programação!$D$5:$D$1004,MATCH(43,Programação!$AE$5:$AE$1004,0))) | B52: =IF($L$3<43,"",INDEX(Programação!$E$5:$E$1004,MATCH(43,Programação!$AE$5:$AE$1004,0))) | C52: =IF($L$3<43,"",INDEX(Programação!$F$5:$F$1004,MATCH(43,Programação!$AE$5:$AE$1004,0))) | D52: =IF($L$3<43,"",INDEX(Programação!$AG$5:$AG$1004,MATCH(43,Programação!$AE$5:$AE$1004,0))) | E52: =IF($L$3<43,"",INDEX(Programação!$O$5:$O$1004,MATCH(43,Programação!$AE$5:$AE$1004,0))) | F52: =IF($L$3<43,"",INDEX(Programação!$P$5:$P$1004,MATCH(43,Programação!$AE$5:$AE$1004,0))) | G52: =IF($A52="","",IF($H52<>"","Concluída",IF($F52<$C$3,"Atrasada",IF($F52=$C$3,"Fecha neste dia","Em execução")))) | H52: =IF($L$3<43,"",IF(INDEX(Programação!$AT$5:$AT$1004,MATCH(43,Programação!$AE$5:$AE$1004,0))="","",INDEX(Programação!$AT$5:$AT$1004,MATCH(43,Programação!$AE$5:$AE$1004,0)))) | I52: =IF($L$3<43,"",MATCH(43,Programação!$AE$5:$AE$1004,0)+4)
A53: =IF($L$3<44,"",INDEX(Programação!$D$5:$D$1004,MATCH(44,Programação!$AE$5:$AE$1004,0))) | B53: =IF($L$3<44,"",INDEX(Programação!$E$5:$E$1004,MATCH(44,Programação!$AE$5:$AE$1004,0))) | C53: =IF($L$3<44,"",INDEX(Programação!$F$5:$F$1004,MATCH(44,Programação!$AE$5:$AE$1004,0))) | D53: =IF($L$3<44,"",INDEX(Programação!$AG$5:$AG$1004,MATCH(44,Programação!$AE$5:$AE$1004,0))) | E53: =IF($L$3<44,"",INDEX(Programação!$O$5:$O$1004,MATCH(44,Programação!$AE$5:$AE$1004,0))) | F53: =IF($L$3<44,"",INDEX(Programação!$P$5:$P$1004,MATCH(44,Programação!$AE$5:$AE$1004,0))) | G53: =IF($A53="","",IF($H53<>"","Concluída",IF($F53<$C$3,"Atrasada",IF($F53=$C$3,"Fecha neste dia","Em execução")))) | H53: =IF($L$3<44,"",IF(INDEX(Programação!$AT$5:$AT$1004,MATCH(44,Programação!$AE$5:$AE$1004,0))="","",INDEX(Programação!$AT$5:$AT$1004,MATCH(44,Programação!$AE$5:$AE$1004,0)))) | I53: =IF($L$3<44,"",MATCH(44,Programação!$AE$5:$AE$1004,0)+4)
A54: =IF($L$3<45,"",INDEX(Programação!$D$5:$D$1004,MATCH(45,Programação!$AE$5:$AE$1004,0))) | B54: =IF($L$3<45,"",INDEX(Programação!$E$5:$E$1004,MATCH(45,Programação!$AE$5:$AE$1004,0))) | C54: =IF($L$3<45,"",INDEX(Programação!$F$5:$F$1004,MATCH(45,Programação!$AE$5:$AE$1004,0))) | D54: =IF($L$3<45,"",INDEX(Programação!$AG$5:$AG$1004,MATCH(45,Programação!$AE$5:$AE$1004,0))) | E54: =IF($L$3<45,"",INDEX(Programação!$O$5:$O$1004,MATCH(45,Programação!$AE$5:$AE$1004,0))) | F54: =IF($L$3<45,"",INDEX(Programação!$P$5:$P$1004,MATCH(45,Programação!$AE$5:$AE$1004,0))) | G54: =IF($A54="","",IF($H54<>"","Concluída",IF($F54<$C$3,"Atrasada",IF($F54=$C$3,"Fecha neste dia","Em execução")))) | H54: =IF($L$3<45,"",IF(INDEX(Programação!$AT$5:$AT$1004,MATCH(45,Programação!$AE$5:$AE$1004,0))="","",INDEX(Programação!$AT$5:$AT$1004,MATCH(45,Programação!$AE$5:$AE$1004,0)))) | I54: =IF($L$3<45,"",MATCH(45,Programação!$AE$5:$AE$1004,0)+4)
A55: =IF($L$3<=45,"","⚠ há mais "&($L$3-45)&" atividades além das 45 listadas — veja na aba Programação")
A57: ATRASADAS | D57: a janela já fechou e a atividade continua aberta — estas vêm de dias anteriores
A58: Frota | B58: Serviço | C58: Atividade | D58: Quem faz | E58: Início | F58: Fim | G58: Situação | H58: Concluída em | I58: Linha
A59: =IF($L$4<1,"",INDEX(Programação!$D$5:$D$1004,MATCH(1,Programação!$AF$5:$AF$1004,0))) -> F-1064 | B59: =IF($L$4<1,"",INDEX(Programação!$E$5:$E$1004,MATCH(1,Programação!$AF$5:$AF$1004,0))) -> Programação 08/09 | C59: =IF($L$4<1,"",INDEX(Programação!$F$5:$F$1004,MATCH(1,Programação!$AF$5:$AF$1004,0))) -> Substituir lanterna traseira LD avariada na lente e solta | D59: =IF($L$4<1,"",INDEX(Programação!$AG$5:$AG$1004,MATCH(1,Programação!$AF$5:$AF$1004,0))) -> Gabriel · Júnior | E59: =IF($L$4<1,"",INDEX(Programação!$O$5:$O$1004,MATCH(1,Programação!$AF$5:$AF$1004,0))) -> 46273 | F59: =IF($L$4<1,"",INDEX(Programação!$P$5:$P$1004,MATCH(1,Programação!$AF$5:$AF$1004,0))) -> 46273 | G59: =IF($A59="","",IF($H59<>"","Concluída",IF($F59<$C$3,"Atrasada",IF($F59=$C$3,"Fecha neste dia","Em execução")))) -> Atrasada | H59: =IF($L$4<1,"",IF(INDEX(Programação!$AT$5:$AT$1004,MATCH(1,Programação!$AF$5:$AF$1004,0))="","",INDEX(Programação!$AT$5:$AT$1004,MATCH(1,Programação!$AF$5:$AF$1004,0)))) | I59: =IF($L$4<1,"",MATCH(1,Programação!$AF$5:$AF$1004,0)+4) -> 288
A60: =IF($L$4<2,"",INDEX(Programação!$D$5:$D$1004,MATCH(2,Programação!$AF$5:$AF$1004,0))) | B60: =IF($L$4<2,"",INDEX(Programação!$E$5:$E$1004,MATCH(2,Programação!$AF$5:$AF$1004,0))) | C60: =IF($L$4<2,"",INDEX(Programação!$F$5:$F$1004,MATCH(2,Programação!$AF$5:$AF$1004,0))) | D60: =IF($L$4<2,"",INDEX(Programação!$AG$5:$AG$1004,MATCH(2,Programação!$AF$5:$AF$1004,0))) | E60: =IF($L$4<2,"",INDEX(Programação!$O$5:$O$1004,MATCH(2,Programação!$AF$5:$AF$1004,0))) | F60: =IF($L$4<2,"",INDEX(Programação!$P$5:$P$1004,MATCH(2,Programação!$AF$5:$AF$1004,0))) | G60: =IF($A60="","",IF($H60<>"","Concluída",IF($F60<$C$3,"Atrasada",IF($F60=$C$3,"Fecha neste dia","Em execução")))) | H60: =IF($L$4<2,"",IF(INDEX(Programação!$AT$5:$AT$1004,MATCH(2,Programação!$AF$5:$AF$1004,0))="","",INDEX(Programação!$AT$5:$AT$1004,MATCH(2,Programação!$AF$5:$AF$1004,0)))) | I60: =IF($L$4<2,"",MATCH(2,Programação!$AF$5:$AF$1004,0)+4)
A61: =IF($L$4<3,"",INDEX(Programação!$D$5:$D$1004,MATCH(3,Programação!$AF$5:$AF$1004,0))) | B61: =IF($L$4<3,"",INDEX(Programação!$E$5:$E$1004,MATCH(3,Programação!$AF$5:$AF$1004,0))) | C61: =IF($L$4<3,"",INDEX(Programação!$F$5:$F$1004,MATCH(3,Programação!$AF$5:$AF$1004,0))) | D61: =IF($L$4<3,"",INDEX(Programação!$AG$5:$AG$1004,MATCH(3,Programação!$AF$5:$AF$1004,0))) | E61: =IF($L$4<3,"",INDEX(Programação!$O$5:$O$1004,MATCH(3,Programação!$AF$5:$AF$1004,0))) | F61: =IF($L$4<3,"",INDEX(Programação!$P$5:$P$1004,MATCH(3,Programação!$AF$5:$AF$1004,0))) | G61: =IF($A61="","",IF($H61<>"","Concluída",IF($F61<$C$3,"Atrasada",IF($F61=$C$3,"Fecha neste dia","Em execução")))) | H61: =IF($L$4<3,"",IF(INDEX(Programação!$AT$5:$AT$1004,MATCH(3,Programação!$AF$5:$AF$1004,0))="","",INDEX(Programação!$AT$5:$AT$1004,MATCH(3,Programação!$AF$5:$AF$1004,0)))) | I61: =IF($L$4<3,"",MATCH(3,Programação!$AF$5:$AF$1004,0)+4)
A62: =IF($L$4<4,"",INDEX(Programação!$D$5:$D$1004,MATCH(4,Programação!$AF$5:$AF$1004,0))) | B62: =IF($L$4<4,"",INDEX(Programação!$E$5:$E$1004,MATCH(4,Programação!$AF$5:$AF$1004,0))) | C62: =IF($L$4<4,"",INDEX(Programação!$F$5:$F$1004,MATCH(4,Programação!$AF$5:$AF$1004,0))) | D62: =IF($L$4<4,"",INDEX(Programação!$AG$5:$AG$1004,MATCH(4,Programação!$AF$5:$AF$1004,0))) | E62: =IF($L$4<4,"",INDEX(Programação!$O$5:$O$1004,MATCH(4,Programação!$AF$5:$AF$1004,0))) | F62: =IF($L$4<4,"",INDEX(Programação!$P$5:$P$1004,MATCH(4,Programação!$AF$5:$AF$1004,0))) | G62: =IF($A62="","",IF($H62<>"","Concluída",IF($F62<$C$3,"Atrasada",IF($F62=$C$3,"Fecha neste dia","Em execução")))) | H62: =IF($L$4<4,"",IF(INDEX(Programação!$AT$5:$AT$1004,MATCH(4,Programação!$AF$5:$AF$1004,0))="","",INDEX(Programação!$AT$5:$AT$1004,MATCH(4,Programação!$AF$5:$AF$1004,0)))) | I62: =IF($L$4<4,"",MATCH(4,Programação!$AF$5:$AF$1004,0)+4)
A63: =IF($L$4<5,"",INDEX(Programação!$D$5:$D$1004,MATCH(5,Programação!$AF$5:$AF$1004,0))) | B63: =IF($L$4<5,"",INDEX(Programação!$E$5:$E$1004,MATCH(5,Programação!$AF$5:$AF$1004,0))) | C63: =IF($L$4<5,"",INDEX(Programação!$F$5:$F$1004,MATCH(5,Programação!$AF$5:$AF$1004,0))) | D63: =IF($L$4<5,"",INDEX(Programação!$AG$5:$AG$1004,MATCH(5,Programação!$AF$5:$AF$1004,0))) | E63: =IF($L$4<5,"",INDEX(Programação!$O$5:$O$1004,MATCH(5,Programação!$AF$5:$AF$1004,0))) | F63: =IF($L$4<5,"",INDEX(Programação!$P$5:$P$1004,MATCH(5,Programação!$AF$5:$AF$1004,0))) | G63: =IF($A63="","",IF($H63<>"","Concluída",IF($F63<$C$3,"Atrasada",IF($F63=$C$3,"Fecha neste dia","Em execução")))) | H63: =IF($L$4<5,"",IF(INDEX(Programação!$AT$5:$AT$1004,MATCH(5,Programação!$AF$5:$AF$1004,0))="","",INDEX(Programação!$AT$5:$AT$1004,MATCH(5,Programação!$AF$5:$AF$1004,0)))) | I63: =IF($L$4<5,"",MATCH(5,Programação!$AF$5:$AF$1004,0)+4)
A64: =IF($L$4<6,"",INDEX(Programação!$D$5:$D$1004,MATCH(6,Programação!$AF$5:$AF$1004,0))) | B64: =IF($L$4<6,"",INDEX(Programação!$E$5:$E$1004,MATCH(6,Programação!$AF$5:$AF$1004,0))) | C64: =IF($L$4<6,"",INDEX(Programação!$F$5:$F$1004,MATCH(6,Programação!$AF$5:$AF$1004,0))) | D64: =IF($L$4<6,"",INDEX(Programação!$AG$5:$AG$1004,MATCH(6,Programação!$AF$5:$AF$1004,0))) | E64: =IF($L$4<6,"",INDEX(Programação!$O$5:$O$1004,MATCH(6,Programação!$AF$5:$AF$1004,0))) | F64: =IF($L$4<6,"",INDEX(Programação!$P$5:$P$1004,MATCH(6,Programação!$AF$5:$AF$1004,0))) | G64: =IF($A64="","",IF($H64<>"","Concluída",IF($F64<$C$3,"Atrasada",IF($F64=$C$3,"Fecha neste dia","Em execução")))) | H64: =IF($L$4<6,"",IF(INDEX(Programação!$AT$5:$AT$1004,MATCH(6,Programação!$AF$5:$AF$1004,0))="","",INDEX(Programação!$AT$5:$AT$1004,MATCH(6,Programação!$AF$5:$AF$1004,0)))) | I64: =IF($L$4<6,"",MATCH(6,Programação!$AF$5:$AF$1004,0)+4)
A65: =IF($L$4<7,"",INDEX(Programação!$D$5:$D$1004,MATCH(7,Programação!$AF$5:$AF$1004,0))) | B65: =IF($L$4<7,"",INDEX(Programação!$E$5:$E$1004,MATCH(7,Programação!$AF$5:$AF$1004,0))) | C65: =IF($L$4<7,"",INDEX(Programação!$F$5:$F$1004,MATCH(7,Programação!$AF$5:$AF$1004,0))) | D65: =IF($L$4<7,"",INDEX(Programação!$AG$5:$AG$1004,MATCH(7,Programação!$AF$5:$AF$1004,0))) | E65: =IF($L$4<7,"",INDEX(Programação!$O$5:$O$1004,MATCH(7,Programação!$AF$5:$AF$1004,0))) | F65: =IF($L$4<7,"",INDEX(Programação!$P$5:$P$1004,MATCH(7,Programação!$AF$5:$AF$1004,0))) | G65: =IF($A65="","",IF($H65<>"","Concluída",IF($F65<$C$3,"Atrasada",IF($F65=$C$3,"Fecha neste dia","Em execução")))) | H65: =IF($L$4<7,"",IF(INDEX(Programação!$AT$5:$AT$1004,MATCH(7,Programação!$AF$5:$AF$1004,0))="","",INDEX(Programação!$AT$5:$AT$1004,MATCH(7,Programação!$AF$5:$AF$1004,0)))) | I65: =IF($L$4<7,"",MATCH(7,Programação!$AF$5:$AF$1004,0)+4)
A66: =IF($L$4<8,"",INDEX(Programação!$D$5:$D$1004,MATCH(8,Programação!$AF$5:$AF$1004,0))) | B66: =IF($L$4<8,"",INDEX(Programação!$E$5:$E$1004,MATCH(8,Programação!$AF$5:$AF$1004,0))) | C66: =IF($L$4<8,"",INDEX(Programação!$F$5:$F$1004,MATCH(8,Programação!$AF$5:$AF$1004,0))) | D66: =IF($L$4<8,"",INDEX(Programação!$AG$5:$AG$1004,MATCH(8,Programação!$AF$5:$AF$1004,0))) | E66: =IF($L$4<8,"",INDEX(Programação!$O$5:$O$1004,MATCH(8,Programação!$AF$5:$AF$1004,0))) | F66: =IF($L$4<8,"",INDEX(Programação!$P$5:$P$1004,MATCH(8,Programação!$AF$5:$AF$1004,0))) | G66: =IF($A66="","",IF($H66<>"","Concluída",IF($F66<$C$3,"Atrasada",IF($F66=$C$3,"Fecha neste dia","Em execução")))) | H66: =IF($L$4<8,"",IF(INDEX(Programação!$AT$5:$AT$1004,MATCH(8,Programação!$AF$5:$AF$1004,0))="","",INDEX(Programação!$AT$5:$AT$1004,MATCH(8,Programação!$AF$5:$AF$1004,0)))) | I66: =IF($L$4<8,"",MATCH(8,Programação!$AF$5:$AF$1004,0)+4)
A67: =IF($L$4<9,"",INDEX(Programação!$D$5:$D$1004,MATCH(9,Programação!$AF$5:$AF$1004,0))) | B67: =IF($L$4<9,"",INDEX(Programação!$E$5:$E$1004,MATCH(9,Programação!$AF$5:$AF$1004,0))) | C67: =IF($L$4<9,"",INDEX(Programação!$F$5:$F$1004,MATCH(9,Programação!$AF$5:$AF$1004,0))) | D67: =IF($L$4<9,"",INDEX(Programação!$AG$5:$AG$1004,MATCH(9,Programação!$AF$5:$AF$1004,0))) | E67: =IF($L$4<9,"",INDEX(Programação!$O$5:$O$1004,MATCH(9,Programação!$AF$5:$AF$1004,0))) | F67: =IF($L$4<9,"",INDEX(Programação!$P$5:$P$1004,MATCH(9,Programação!$AF$5:$AF$1004,0))) | G67: =IF($A67="","",IF($H67<>"","Concluída",IF($F67<$C$3,"Atrasada",IF($F67=$C$3,"Fecha neste dia","Em execução")))) | H67: =IF($L$4<9,"",IF(INDEX(Programação!$AT$5:$AT$1004,MATCH(9,Programação!$AF$5:$AF$1004,0))="","",INDEX(Programação!$AT$5:$AT$1004,MATCH(9,Programação!$AF$5:$AF$1004,0)))) | I67: =IF($L$4<9,"",MATCH(9,Programação!$AF$5:$AF$1004,0)+4)
A68: =IF($L$4<10,"",INDEX(Programação!$D$5:$D$1004,MATCH(10,Programação!$AF$5:$AF$1004,0))) | B68: =IF($L$4<10,"",INDEX(Programação!$E$5:$E$1004,MATCH(10,Programação!$AF$5:$AF$1004,0))) | C68: =IF($L$4<10,"",INDEX(Programação!$F$5:$F$1004,MATCH(10,Programação!$AF$5:$AF$1004,0))) | D68: =IF($L$4<10,"",INDEX(Programação!$AG$5:$AG$1004,MATCH(10,Programação!$AF$5:$AF$1004,0))) | E68: =IF($L$4<10,"",INDEX(Programação!$O$5:$O$1004,MATCH(10,Programação!$AF$5:$AF$1004,0))) | F68: =IF($L$4<10,"",INDEX(Programação!$P$5:$P$1004,MATCH(10,Programação!$AF$5:$AF$1004,0))) | G68: =IF($A68="","",IF($H68<>"","Concluída",IF($F68<$C$3,"Atrasada",IF($F68=$C$3,"Fecha neste dia","Em execução")))) | H68: =IF($L$4<10,"",IF(INDEX(Programação!$AT$5:$AT$1004,MATCH(10,Programação!$AF$5:$AF$1004,0))="","",INDEX(Programação!$AT$5:$AT$1004,MATCH(10,Programação!$AF$5:$AF$1004,0)))) | I68: =IF($L$4<10,"",MATCH(10,Programação!$AF$5:$AF$1004,0)+4)
A69: =IF($L$4<11,"",INDEX(Programação!$D$5:$D$1004,MATCH(11,Programação!$AF$5:$AF$1004,0))) | B69: =IF($L$4<11,"",INDEX(Programação!$E$5:$E$1004,MATCH(11,Programação!$AF$5:$AF$1004,0))) | C69: =IF($L$4<11,"",INDEX(Programação!$F$5:$F$1004,MATCH(11,Programação!$AF$5:$AF$1004,0))) | D69: =IF($L$4<11,"",INDEX(Programação!$AG$5:$AG$1004,MATCH(11,Programação!$AF$5:$AF$1004,0))) | E69: =IF($L$4<11,"",INDEX(Programação!$O$5:$O$1004,MATCH(11,Programação!$AF$5:$AF$1004,0))) | F69: =IF($L$4<11,"",INDEX(Programação!$P$5:$P$1004,MATCH(11,Programação!$AF$5:$AF$1004,0))) | G69: =IF($A69="","",IF($H69<>"","Concluída",IF($F69<$C$3,"Atrasada",IF($F69=$C$3,"Fecha neste dia","Em execução")))) | H69: =IF($L$4<11,"",IF(INDEX(Programação!$AT$5:$AT$1004,MATCH(11,Programação!$AF$5:$AF$1004,0))="","",INDEX(Programação!$AT$5:$AT$1004,MATCH(11,Programação!$AF$5:$AF$1004,0)))) | I69: =IF($L$4<11,"",MATCH(11,Programação!$AF$5:$AF$1004,0)+4)
A70: =IF($L$4<12,"",INDEX(Programação!$D$5:$D$1004,MATCH(12,Programação!$AF$5:$AF$1004,0))) | B70: =IF($L$4<12,"",INDEX(Programação!$E$5:$E$1004,MATCH(12,Programação!$AF$5:$AF$1004,0))) | C70: =IF($L$4<12,"",INDEX(Programação!$F$5:$F$1004,MATCH(12,Programação!$AF$5:$AF$1004,0))) | D70: =IF($L$4<12,"",INDEX(Programação!$AG$5:$AG$1004,MATCH(12,Programação!$AF$5:$AF$1004,0))) | E70: =IF($L$4<12,"",INDEX(Programação!$O$5:$O$1004,MATCH(12,Programação!$AF$5:$AF$1004,0))) | F70: =IF($L$4<12,"",INDEX(Programação!$P$5:$P$1004,MATCH(12,Programação!$AF$5:$AF$1004,0))) | G70: =IF($A70="","",IF($H70<>"","Concluída",IF($F70<$C$3,"Atrasada",IF($F70=$C$3,"Fecha neste dia","Em execução")))) | H70: =IF($L$4<12,"",IF(INDEX(Programação!$AT$5:$AT$1004,MATCH(12,Programação!$AF$5:$AF$1004,0))="","",INDEX(Programação!$AT$5:$AT$1004,MATCH(12,Programação!$AF$5:$AF$1004,0)))) | I70: =IF($L$4<12,"",MATCH(12,Programação!$AF$5:$AF$1004,0)+4)
A71: =IF($L$4<13,"",INDEX(Programação!$D$5:$D$1004,MATCH(13,Programação!$AF$5:$AF$1004,0))) | B71: =IF($L$4<13,"",INDEX(Programação!$E$5:$E$1004,MATCH(13,Programação!$AF$5:$AF$1004,0))) | C71: =IF($L$4<13,"",INDEX(Programação!$F$5:$F$1004,MATCH(13,Programação!$AF$5:$AF$1004,0))) | D71: =IF($L$4<13,"",INDEX(Programação!$AG$5:$AG$1004,MATCH(13,Programação!$AF$5:$AF$1004,0))) | E71: =IF($L$4<13,"",INDEX(Programação!$O$5:$O$1004,MATCH(13,Programação!$AF$5:$AF$1004,0))) | F71: =IF($L$4<13,"",INDEX(Programação!$P$5:$P$1004,MATCH(13,Programação!$AF$5:$AF$1004,0))) | G71: =IF($A71="","",IF($H71<>"","Concluída",IF($F71<$C$3,"Atrasada",IF($F71=$C$3,"Fecha neste dia","Em execução")))) | H71: =IF($L$4<13,"",IF(INDEX(Programação!$AT$5:$AT$1004,MATCH(13,Programação!$AF$5:$AF$1004,0))="","",INDEX(Programação!$AT$5:$AT$1004,MATCH(13,Programação!$AF$5:$AF$1004,0)))) | I71: =IF($L$4<13,"",MATCH(13,Programação!$AF$5:$AF$1004,0)+4)
A72: =IF($L$4<14,"",INDEX(Programação!$D$5:$D$1004,MATCH(14,Programação!$AF$5:$AF$1004,0))) | B72: =IF($L$4<14,"",INDEX(Programação!$E$5:$E$1004,MATCH(14,Programação!$AF$5:$AF$1004,0))) | C72: =IF($L$4<14,"",INDEX(Programação!$F$5:$F$1004,MATCH(14,Programação!$AF$5:$AF$1004,0))) | D72: =IF($L$4<14,"",INDEX(Programação!$AG$5:$AG$1004,MATCH(14,Programação!$AF$5:$AF$1004,0))) | E72: =IF($L$4<14,"",INDEX(Programação!$O$5:$O$1004,MATCH(14,Programação!$AF$5:$AF$1004,0))) | F72: =IF($L$4<14,"",INDEX(Programação!$P$5:$P$1004,MATCH(14,Programação!$AF$5:$AF$1004,0))) | G72: =IF($A72="","",IF($H72<>"","Concluída",IF($F72<$C$3,"Atrasada",IF($F72=$C$3,"Fecha neste dia","Em execução")))) | H72: =IF($L$4<14,"",IF(INDEX(Programação!$AT$5:$AT$1004,MATCH(14,Programação!$AF$5:$AF$1004,0))="","",INDEX(Programação!$AT$5:$AT$1004,MATCH(14,Programação!$AF$5:$AF$1004,0)))) | I72: =IF($L$4<14,"",MATCH(14,Programação!$AF$5:$AF$1004,0)+4)
A73: =IF($L$4<15,"",INDEX(Programação!$D$5:$D$1004,MATCH(15,Programação!$AF$5:$AF$1004,0))) | B73: =IF($L$4<15,"",INDEX(Programação!$E$5:$E$1004,MATCH(15,Programação!$AF$5:$AF$1004,0))) | C73: =IF($L$4<15,"",INDEX(Programação!$F$5:$F$1004,MATCH(15,Programação!$AF$5:$AF$1004,0))) | D73: =IF($L$4<15,"",INDEX(Programação!$AG$5:$AG$1004,MATCH(15,Programação!$AF$5:$AF$1004,0))) | E73: =IF($L$4<15,"",INDEX(Programação!$O$5:$O$1004,MATCH(15,Programação!$AF$5:$AF$1004,0))) | F73: =IF($L$4<15,"",INDEX(Programação!$P$5:$P$1004,MATCH(15,Programação!$AF$5:$AF$1004,0))) | G73: =IF($A73="","",IF($H73<>"","Concluída",IF($F73<$C$3,"Atrasada",IF($F73=$C$3,"Fecha neste dia","Em execução")))) | H73: =IF($L$4<15,"",IF(INDEX(Programação!$AT$5:$AT$1004,MATCH(15,Programação!$AF$5:$AF$1004,0))="","",INDEX(Programação!$AT$5:$AT$1004,MATCH(15,Programação!$AF$5:$AF$1004,0)))) | I73: =IF($L$4<15,"",MATCH(15,Programação!$AF$5:$AF$1004,0)+4)
A74: =IF($L$4<16,"",INDEX(Programação!$D$5:$D$1004,MATCH(16,Programação!$AF$5:$AF$1004,0))) | B74: =IF($L$4<16,"",INDEX(Programação!$E$5:$E$1004,MATCH(16,Programação!$AF$5:$AF$1004,0))) | C74: =IF($L$4<16,"",INDEX(Programação!$F$5:$F$1004,MATCH(16,Programação!$AF$5:$AF$1004,0))) | D74: =IF($L$4<16,"",INDEX(Programação!$AG$5:$AG$1004,MATCH(16,Programação!$AF$5:$AF$1004,0))) | E74: =IF($L$4<16,"",INDEX(Programação!$O$5:$O$1004,MATCH(16,Programação!$AF$5:$AF$1004,0))) | F74: =IF($L$4<16,"",INDEX(Programação!$P$5:$P$1004,MATCH(16,Programação!$AF$5:$AF$1004,0))) | G74: =IF($A74="","",IF($H74<>"","Concluída",IF($F74<$C$3,"Atrasada",IF($F74=$C$3,"Fecha neste dia","Em execução")))) | H74: =IF($L$4<16,"",IF(INDEX(Programação!$AT$5:$AT$1004,MATCH(16,Programação!$AF$5:$AF$1004,0))="","",INDEX(Programação!$AT$5:$AT$1004,MATCH(16,Programação!$AF$5:$AF$1004,0)))) | I74: =IF($L$4<16,"",MATCH(16,Programação!$AF$5:$AF$1004,0)+4)
A75: =IF($L$4<17,"",INDEX(Programação!$D$5:$D$1004,MATCH(17,Programação!$AF$5:$AF$1004,0))) | B75: =IF($L$4<17,"",INDEX(Programação!$E$5:$E$1004,MATCH(17,Programação!$AF$5:$AF$1004,0))) | C75: =IF($L$4<17,"",INDEX(Programação!$F$5:$F$1004,MATCH(17,Programação!$AF$5:$AF$1004,0))) | D75: =IF($L$4<17,"",INDEX(Programação!$AG$5:$AG$1004,MATCH(17,Programação!$AF$5:$AF$1004,0))) | E75: =IF($L$4<17,"",INDEX(Programação!$O$5:$O$1004,MATCH(17,Programação!$AF$5:$AF$1004,0))) | F75: =IF($L$4<17,"",INDEX(Programação!$P$5:$P$1004,MATCH(17,Programação!$AF$5:$AF$1004,0))) | G75: =IF($A75="","",IF($H75<>"","Concluída",IF($F75<$C$3,"Atrasada",IF($F75=$C$3,"Fecha neste dia","Em execução")))) | H75: =IF($L$4<17,"",IF(INDEX(Programação!$AT$5:$AT$1004,MATCH(17,Programação!$AF$5:$AF$1004,0))="","",INDEX(Programação!$AT$5:$AT$1004,MATCH(17,Programação!$AF$5:$AF$1004,0)))) | I75: =IF($L$4<17,"",MATCH(17,Programação!$AF$5:$AF$1004,0)+4)
A76: =IF($L$4<18,"",INDEX(Programação!$D$5:$D$1004,MATCH(18,Programação!$AF$5:$AF$1004,0))) | B76: =IF($L$4<18,"",INDEX(Programação!$E$5:$E$1004,MATCH(18,Programação!$AF$5:$AF$1004,0))) | C76: =IF($L$4<18,"",INDEX(Programação!$F$5:$F$1004,MATCH(18,Programação!$AF$5:$AF$1004,0))) | D76: =IF($L$4<18,"",INDEX(Programação!$AG$5:$AG$1004,MATCH(18,Programação!$AF$5:$AF$1004,0))) | E76: =IF($L$4<18,"",INDEX(Programação!$O$5:$O$1004,MATCH(18,Programação!$AF$5:$AF$1004,0))) | F76: =IF($L$4<18,"",INDEX(Programação!$P$5:$P$1004,MATCH(18,Programação!$AF$5:$AF$1004,0))) | G76: =IF($A76="","",IF($H76<>"","Concluída",IF($F76<$C$3,"Atrasada",IF($F76=$C$3,"Fecha neste dia","Em execução")))) | H76: =IF($L$4<18,"",IF(INDEX(Programação!$AT$5:$AT$1004,MATCH(18,Programação!$AF$5:$AF$1004,0))="","",INDEX(Programação!$AT$5:$AT$1004,MATCH(18,Programação!$AF$5:$AF$1004,0)))) | I76: =IF($L$4<18,"",MATCH(18,Programação!$AF$5:$AF$1004,0)+4)
A77: =IF($L$4<19,"",INDEX(Programação!$D$5:$D$1004,MATCH(19,Programação!$AF$5:$AF$1004,0))) | B77: =IF($L$4<19,"",INDEX(Programação!$E$5:$E$1004,MATCH(19,Programação!$AF$5:$AF$1004,0))) | C77: =IF($L$4<19,"",INDEX(Programação!$F$5:$F$1004,MATCH(19,Programação!$AF$5:$AF$1004,0))) | D77: =IF($L$4<19,"",INDEX(Programação!$AG$5:$AG$1004,MATCH(19,Programação!$AF$5:$AF$1004,0))) | E77: =IF($L$4<19,"",INDEX(Programação!$O$5:$O$1004,MATCH(19,Programação!$AF$5:$AF$1004,0))) | F77: =IF($L$4<19,"",INDEX(Programação!$P$5:$P$1004,MATCH(19,Programação!$AF$5:$AF$1004,0))) | G77: =IF($A77="","",IF($H77<>"","Concluída",IF($F77<$C$3,"Atrasada",IF($F77=$C$3,"Fecha neste dia","Em execução")))) | H77: =IF($L$4<19,"",IF(INDEX(Programação!$AT$5:$AT$1004,MATCH(19,Programação!$AF$5:$AF$1004,0))="","",INDEX(Programação!$AT$5:$AT$1004,MATCH(19,Programação!$AF$5:$AF$1004,0)))) | I77: =IF($L$4<19,"",MATCH(19,Programação!$AF$5:$AF$1004,0)+4)
A78: =IF($L$4<20,"",INDEX(Programação!$D$5:$D$1004,MATCH(20,Programação!$AF$5:$AF$1004,0))) | B78: =IF($L$4<20,"",INDEX(Programação!$E$5:$E$1004,MATCH(20,Programação!$AF$5:$AF$1004,0))) | C78: =IF($L$4<20,"",INDEX(Programação!$F$5:$F$1004,MATCH(20,Programação!$AF$5:$AF$1004,0))) | D78: =IF($L$4<20,"",INDEX(Programação!$AG$5:$AG$1004,MATCH(20,Programação!$AF$5:$AF$1004,0))) | E78: =IF($L$4<20,"",INDEX(Programação!$O$5:$O$1004,MATCH(20,Programação!$AF$5:$AF$1004,0))) | F78: =IF($L$4<20,"",INDEX(Programação!$P$5:$P$1004,MATCH(20,Programação!$AF$5:$AF$1004,0))) | G78: =IF($A78="","",IF($H78<>"","Concluída",IF($F78<$C$3,"Atrasada",IF($F78=$C$3,"Fecha neste dia","Em execução")))) | H78: =IF($L$4<20,"",IF(INDEX(Programação!$AT$5:$AT$1004,MATCH(20,Programação!$AF$5:$AF$1004,0))="","",INDEX(Programação!$AT$5:$AT$1004,MATCH(20,Programação!$AF$5:$AF$1004,0)))) | I78: =IF($L$4<20,"",MATCH(20,Programação!$AF$5:$AF$1004,0)+4)
A79: =IF($L$4<21,"",INDEX(Programação!$D$5:$D$1004,MATCH(21,Programação!$AF$5:$AF$1004,0))) | B79: =IF($L$4<21,"",INDEX(Programação!$E$5:$E$1004,MATCH(21,Programação!$AF$5:$AF$1004,0))) | C79: =IF($L$4<21,"",INDEX(Programação!$F$5:$F$1004,MATCH(21,Programação!$AF$5:$AF$1004,0))) | D79: =IF($L$4<21,"",INDEX(Programação!$AG$5:$AG$1004,MATCH(21,Programação!$AF$5:$AF$1004,0))) | E79: =IF($L$4<21,"",INDEX(Programação!$O$5:$O$1004,MATCH(21,Programação!$AF$5:$AF$1004,0))) | F79: =IF($L$4<21,"",INDEX(Programação!$P$5:$P$1004,MATCH(21,Programação!$AF$5:$AF$1004,0))) | G79: =IF($A79="","",IF($H79<>"","Concluída",IF($F79<$C$3,"Atrasada",IF($F79=$C$3,"Fecha neste dia","Em execução")))) | H79: =IF($L$4<21,"",IF(INDEX(Programação!$AT$5:$AT$1004,MATCH(21,Programação!$AF$5:$AF$1004,0))="","",INDEX(Programação!$AT$5:$AT$1004,MATCH(21,Programação!$AF$5:$AF$1004,0)))) | I79: =IF($L$4<21,"",MATCH(21,Programação!$AF$5:$AF$1004,0)+4)
A80: =IF($L$4<22,"",INDEX(Programação!$D$5:$D$1004,MATCH(22,Programação!$AF$5:$AF$1004,0))) | B80: =IF($L$4<22,"",INDEX(Programação!$E$5:$E$1004,MATCH(22,Programação!$AF$5:$AF$1004,0))) | C80: =IF($L$4<22,"",INDEX(Programação!$F$5:$F$1004,MATCH(22,Programação!$AF$5:$AF$1004,0))) | D80: =IF($L$4<22,"",INDEX(Programação!$AG$5:$AG$1004,MATCH(22,Programação!$AF$5:$AF$1004,0))) | E80: =IF($L$4<22,"",INDEX(Programação!$O$5:$O$1004,MATCH(22,Programação!$AF$5:$AF$1004,0))) | F80: =IF($L$4<22,"",INDEX(Programação!$P$5:$P$1004,MATCH(22,Programação!$AF$5:$AF$1004,0))) | G80: =IF($A80="","",IF($H80<>"","Concluída",IF($F80<$C$3,"Atrasada",IF($F80=$C$3,"Fecha neste dia","Em execução")))) | H80: =IF($L$4<22,"",IF(INDEX(Programação!$AT$5:$AT$1004,MATCH(22,Programação!$AF$5:$AF$1004,0))="","",INDEX(Programação!$AT$5:$AT$1004,MATCH(22,Programação!$AF$5:$AF$1004,0)))) | I80: =IF($L$4<22,"",MATCH(22,Programação!$AF$5:$AF$1004,0)+4)
A81: =IF($L$4<23,"",INDEX(Programação!$D$5:$D$1004,MATCH(23,Programação!$AF$5:$AF$1004,0))) | B81: =IF($L$4<23,"",INDEX(Programação!$E$5:$E$1004,MATCH(23,Programação!$AF$5:$AF$1004,0))) | C81: =IF($L$4<23,"",INDEX(Programação!$F$5:$F$1004,MATCH(23,Programação!$AF$5:$AF$1004,0))) | D81: =IF($L$4<23,"",INDEX(Programação!$AG$5:$AG$1004,MATCH(23,Programação!$AF$5:$AF$1004,0))) | E81: =IF($L$4<23,"",INDEX(Programação!$O$5:$O$1004,MATCH(23,Programação!$AF$5:$AF$1004,0))) | F81: =IF($L$4<23,"",INDEX(Programação!$P$5:$P$1004,MATCH(23,Programação!$AF$5:$AF$1004,0))) | G81: =IF($A81="","",IF($H81<>"","Concluída",IF($F81<$C$3,"Atrasada",IF($F81=$C$3,"Fecha neste dia","Em execução")))) | H81: =IF($L$4<23,"",IF(INDEX(Programação!$AT$5:$AT$1004,MATCH(23,Programação!$AF$5:$AF$1004,0))="","",INDEX(Programação!$AT$5:$AT$1004,MATCH(23,Programação!$AF$5:$AF$1004,0)))) | I81: =IF($L$4<23,"",MATCH(23,Programação!$AF$5:$AF$1004,0)+4)
A82: =IF($L$4<24,"",INDEX(Programação!$D$5:$D$1004,MATCH(24,Programação!$AF$5:$AF$1004,0))) | B82: =IF($L$4<24,"",INDEX(Programação!$E$5:$E$1004,MATCH(24,Programação!$AF$5:$AF$1004,0))) | C82: =IF($L$4<24,"",INDEX(Programação!$F$5:$F$1004,MATCH(24,Programação!$AF$5:$AF$1004,0))) | D82: =IF($L$4<24,"",INDEX(Programação!$AG$5:$AG$1004,MATCH(24,Programação!$AF$5:$AF$1004,0))) | E82: =IF($L$4<24,"",INDEX(Programação!$O$5:$O$1004,MATCH(24,Programação!$AF$5:$AF$1004,0))) | F82: =IF($L$4<24,"",INDEX(Programação!$P$5:$P$1004,MATCH(24,Programação!$AF$5:$AF$1004,0))) | G82: =IF($A82="","",IF($H82<>"","Concluída",IF($F82<$C$3,"Atrasada",IF($F82=$C$3,"Fecha neste dia","Em execução")))) | H82: =IF($L$4<24,"",IF(INDEX(Programação!$AT$5:$AT$1004,MATCH(24,Programação!$AF$5:$AF$1004,0))="","",INDEX(Programação!$AT$5:$AT$1004,MATCH(24,Programação!$AF$5:$AF$1004,0)))) | I82: =IF($L$4<24,"",MATCH(24,Programação!$AF$5:$AF$1004,0)+4)
A83: =IF($L$4<25,"",INDEX(Programação!$D$5:$D$1004,MATCH(25,Programação!$AF$5:$AF$1004,0))) | B83: =IF($L$4<25,"",INDEX(Programação!$E$5:$E$1004,MATCH(25,Programação!$AF$5:$AF$1004,0))) | C83: =IF($L$4<25,"",INDEX(Programação!$F$5:$F$1004,MATCH(25,Programação!$AF$5:$AF$1004,0))) | D83: =IF($L$4<25,"",INDEX(Programação!$AG$5:$AG$1004,MATCH(25,Programação!$AF$5:$AF$1004,0))) | E83: =IF($L$4<25,"",INDEX(Programação!$O$5:$O$1004,MATCH(25,Programação!$AF$5:$AF$1004,0))) | F83: =IF($L$4<25,"",INDEX(Programação!$P$5:$P$1004,MATCH(25,Programação!$AF$5:$AF$1004,0))) | G83: =IF($A83="","",IF($H83<>"","Concluída",IF($F83<$C$3,"Atrasada",IF($F83=$C$3,"Fecha neste dia","Em execução")))) | H83: =IF($L$4<25,"",IF(INDEX(Programação!$AT$5:$AT$1004,MATCH(25,Programação!$AF$5:$AF$1004,0))="","",INDEX(Programação!$AT$5:$AT$1004,MATCH(25,Programação!$AF$5:$AF$1004,0)))) | I83: =IF($L$4<25,"",MATCH(25,Programação!$AF$5:$AF$1004,0)+4)
A84: =IF($L$4<26,"",INDEX(Programação!$D$5:$D$1004,MATCH(26,Programação!$AF$5:$AF$1004,0))) | B84: =IF($L$4<26,"",INDEX(Programação!$E$5:$E$1004,MATCH(26,Programação!$AF$5:$AF$1004,0))) | C84: =IF($L$4<26,"",INDEX(Programação!$F$5:$F$1004,MATCH(26,Programação!$AF$5:$AF$1004,0))) | D84: =IF($L$4<26,"",INDEX(Programação!$AG$5:$AG$1004,MATCH(26,Programação!$AF$5:$AF$1004,0))) | E84: =IF($L$4<26,"",INDEX(Programação!$O$5:$O$1004,MATCH(26,Programação!$AF$5:$AF$1004,0))) | F84: =IF($L$4<26,"",INDEX(Programação!$P$5:$P$1004,MATCH(26,Programação!$AF$5:$AF$1004,0))) | G84: =IF($A84="","",IF($H84<>"","Concluída",IF($F84<$C$3,"Atrasada",IF($F84=$C$3,"Fecha neste dia","Em execução")))) | H84: =IF($L$4<26,"",IF(INDEX(Programação!$AT$5:$AT$1004,MATCH(26,Programação!$AF$5:$AF$1004,0))="","",INDEX(Programação!$AT$5:$AT$1004,MATCH(26,Programação!$AF$5:$AF$1004,0)))) | I84: =IF($L$4<26,"",MATCH(26,Programação!$AF$5:$AF$1004,0)+4)
A85: =IF($L$4<27,"",INDEX(Programação!$D$5:$D$1004,MATCH(27,Programação!$AF$5:$AF$1004,0))) | B85: =IF($L$4<27,"",INDEX(Programação!$E$5:$E$1004,MATCH(27,Programação!$AF$5:$AF$1004,0))) | C85: =IF($L$4<27,"",INDEX(Programação!$F$5:$F$1004,MATCH(27,Programação!$AF$5:$AF$1004,0))) | D85: =IF($L$4<27,"",INDEX(Programação!$AG$5:$AG$1004,MATCH(27,Programação!$AF$5:$AF$1004,0))) | E85: =IF($L$4<27,"",INDEX(Programação!$O$5:$O$1004,MATCH(27,Programação!$AF$5:$AF$1004,0))) | F85: =IF($L$4<27,"",INDEX(Programação!$P$5:$P$1004,MATCH(27,Programação!$AF$5:$AF$1004,0))) | G85: =IF($A85="","",IF($H85<>"","Concluída",IF($F85<$C$3,"Atrasada",IF($F85=$C$3,"Fecha neste dia","Em execução")))) | H85: =IF($L$4<27,"",IF(INDEX(Programação!$AT$5:$AT$1004,MATCH(27,Programação!$AF$5:$AF$1004,0))="","",INDEX(Programação!$AT$5:$AT$1004,MATCH(27,Programação!$AF$5:$AF$1004,0)))) | I85: =IF($L$4<27,"",MATCH(27,Programação!$AF$5:$AF$1004,0)+4)
A86: =IF($L$4<28,"",INDEX(Programação!$D$5:$D$1004,MATCH(28,Programação!$AF$5:$AF$1004,0))) | B86: =IF($L$4<28,"",INDEX(Programação!$E$5:$E$1004,MATCH(28,Programação!$AF$5:$AF$1004,0))) | C86: =IF($L$4<28,"",INDEX(Programação!$F$5:$F$1004,MATCH(28,Programação!$AF$5:$AF$1004,0))) | D86: =IF($L$4<28,"",INDEX(Programação!$AG$5:$AG$1004,MATCH(28,Programação!$AF$5:$AF$1004,0))) | E86: =IF($L$4<28,"",INDEX(Programação!$O$5:$O$1004,MATCH(28,Programação!$AF$5:$AF$1004,0))) | F86: =IF($L$4<28,"",INDEX(Programação!$P$5:$P$1004,MATCH(28,Programação!$AF$5:$AF$1004,0))) | G86: =IF($A86="","",IF($H86<>"","Concluída",IF($F86<$C$3,"Atrasada",IF($F86=$C$3,"Fecha neste dia","Em execução")))) | H86: =IF($L$4<28,"",IF(INDEX(Programação!$AT$5:$AT$1004,MATCH(28,Programação!$AF$5:$AF$1004,0))="","",INDEX(Programação!$AT$5:$AT$1004,MATCH(28,Programação!$AF$5:$AF$1004,0)))) | I86: =IF($L$4<28,"",MATCH(28,Programação!$AF$5:$AF$1004,0)+4)
A87: =IF($L$4<29,"",INDEX(Programação!$D$5:$D$1004,MATCH(29,Programação!$AF$5:$AF$1004,0))) | B87: =IF($L$4<29,"",INDEX(Programação!$E$5:$E$1004,MATCH(29,Programação!$AF$5:$AF$1004,0))) | C87: =IF($L$4<29,"",INDEX(Programação!$F$5:$F$1004,MATCH(29,Programação!$AF$5:$AF$1004,0))) | D87: =IF($L$4<29,"",INDEX(Programação!$AG$5:$AG$1004,MATCH(29,Programação!$AF$5:$AF$1004,0))) | E87: =IF($L$4<29,"",INDEX(Programação!$O$5:$O$1004,MATCH(29,Programação!$AF$5:$AF$1004,0))) | F87: =IF($L$4<29,"",INDEX(Programação!$P$5:$P$1004,MATCH(29,Programação!$AF$5:$AF$1004,0))) | G87: =IF($A87="","",IF($H87<>"","Concluída",IF($F87<$C$3,"Atrasada",IF($F87=$C$3,"Fecha neste dia","Em execução")))) | H87: =IF($L$4<29,"",IF(INDEX(Programação!$AT$5:$AT$1004,MATCH(29,Programação!$AF$5:$AF$1004,0))="","",INDEX(Programação!$AT$5:$AT$1004,MATCH(29,Programação!$AF$5:$AF$1004,0)))) | I87: =IF($L$4<29,"",MATCH(29,Programação!$AF$5:$AF$1004,0)+4)
A88: =IF($L$4<30,"",INDEX(Programação!$D$5:$D$1004,MATCH(30,Programação!$AF$5:$AF$1004,0))) | B88: =IF($L$4<30,"",INDEX(Programação!$E$5:$E$1004,MATCH(30,Programação!$AF$5:$AF$1004,0))) | C88: =IF($L$4<30,"",INDEX(Programação!$F$5:$F$1004,MATCH(30,Programação!$AF$5:$AF$1004,0))) | D88: =IF($L$4<30,"",INDEX(Programação!$AG$5:$AG$1004,MATCH(30,Programação!$AF$5:$AF$1004,0))) | E88: =IF($L$4<30,"",INDEX(Programação!$O$5:$O$1004,MATCH(30,Programação!$AF$5:$AF$1004,0))) | F88: =IF($L$4<30,"",INDEX(Programação!$P$5:$P$1004,MATCH(30,Programação!$AF$5:$AF$1004,0))) | G88: =IF($A88="","",IF($H88<>"","Concluída",IF($F88<$C$3,"Atrasada",IF($F88=$C$3,"Fecha neste dia","Em execução")))) | H88: =IF($L$4<30,"",IF(INDEX(Programação!$AT$5:$AT$1004,MATCH(30,Programação!$AF$5:$AF$1004,0))="","",INDEX(Programação!$AT$5:$AT$1004,MATCH(30,Programação!$AF$5:$AF$1004,0)))) | I88: =IF($L$4<30,"",MATCH(30,Programação!$AF$5:$AF$1004,0)+4)
A89: =IF($L$4<31,"",INDEX(Programação!$D$5:$D$1004,MATCH(31,Programação!$AF$5:$AF$1004,0))) | B89: =IF($L$4<31,"",INDEX(Programação!$E$5:$E$1004,MATCH(31,Programação!$AF$5:$AF$1004,0))) | C89: =IF($L$4<31,"",INDEX(Programação!$F$5:$F$1004,MATCH(31,Programação!$AF$5:$AF$1004,0))) | D89: =IF($L$4<31,"",INDEX(Programação!$AG$5:$AG$1004,MATCH(31,Programação!$AF$5:$AF$1004,0))) | E89: =IF($L$4<31,"",INDEX(Programação!$O$5:$O$1004,MATCH(31,Programação!$AF$5:$AF$1004,0))) | F89: =IF($L$4<31,"",INDEX(Programação!$P$5:$P$1004,MATCH(31,Programação!$AF$5:$AF$1004,0))) | G89: =IF($A89="","",IF($H89<>"","Concluída",IF($F89<$C$3,"Atrasada",IF($F89=$C$3,"Fecha neste dia","Em execução")))) | H89: =IF($L$4<31,"",IF(INDEX(Programação!$AT$5:$AT$1004,MATCH(31,Programação!$AF$5:$AF$1004,0))="","",INDEX(Programação!$AT$5:$AT$1004,MATCH(31,Programação!$AF$5:$AF$1004,0)))) | I89: =IF($L$4<31,"",MATCH(31,Programação!$AF$5:$AF$1004,0)+4)
A90: =IF($L$4<32,"",INDEX(Programação!$D$5:$D$1004,MATCH(32,Programação!$AF$5:$AF$1004,0))) | B90: =IF($L$4<32,"",INDEX(Programação!$E$5:$E$1004,MATCH(32,Programação!$AF$5:$AF$1004,0))) | C90: =IF($L$4<32,"",INDEX(Programação!$F$5:$F$1004,MATCH(32,Programação!$AF$5:$AF$1004,0))) | D90: =IF($L$4<32,"",INDEX(Programação!$AG$5:$AG$1004,MATCH(32,Programação!$AF$5:$AF$1004,0))) | E90: =IF($L$4<32,"",INDEX(Programação!$O$5:$O$1004,MATCH(32,Programação!$AF$5:$AF$1004,0))) | F90: =IF($L$4<32,"",INDEX(Programação!$P$5:$P$1004,MATCH(32,Programação!$AF$5:$AF$1004,0))) | G90: =IF($A90="","",IF($H90<>"","Concluída",IF($F90<$C$3,"Atrasada",IF($F90=$C$3,"Fecha neste dia","Em execução")))) | H90: =IF($L$4<32,"",IF(INDEX(Programação!$AT$5:$AT$1004,MATCH(32,Programação!$AF$5:$AF$1004,0))="","",INDEX(Programação!$AT$5:$AT$1004,MATCH(32,Programação!$AF$5:$AF$1004,0)))) | I90: =IF($L$4<32,"",MATCH(32,Programação!$AF$5:$AF$1004,0)+4)
A91: =IF($L$4<33,"",INDEX(Programação!$D$5:$D$1004,MATCH(33,Programação!$AF$5:$AF$1004,0))) | B91: =IF($L$4<33,"",INDEX(Programação!$E$5:$E$1004,MATCH(33,Programação!$AF$5:$AF$1004,0))) | C91: =IF($L$4<33,"",INDEX(Programação!$F$5:$F$1004,MATCH(33,Programação!$AF$5:$AF$1004,0))) | D91: =IF($L$4<33,"",INDEX(Programação!$AG$5:$AG$1004,MATCH(33,Programação!$AF$5:$AF$1004,0))) | E91: =IF($L$4<33,"",INDEX(Programação!$O$5:$O$1004,MATCH(33,Programação!$AF$5:$AF$1004,0))) | F91: =IF($L$4<33,"",INDEX(Programação!$P$5:$P$1004,MATCH(33,Programação!$AF$5:$AF$1004,0))) | G91: =IF($A91="","",IF($H91<>"","Concluída",IF($F91<$C$3,"Atrasada",IF($F91=$C$3,"Fecha neste dia","Em execução")))) | H91: =IF($L$4<33,"",IF(INDEX(Programação!$AT$5:$AT$1004,MATCH(33,Programação!$AF$5:$AF$1004,0))="","",INDEX(Programação!$AT$5:$AT$1004,MATCH(33,Programação!$AF$5:$AF$1004,0)))) | I91: =IF($L$4<33,"",MATCH(33,Programação!$AF$5:$AF$1004,0)+4)
A92: =IF($L$4<34,"",INDEX(Programação!$D$5:$D$1004,MATCH(34,Programação!$AF$5:$AF$1004,0))) | B92: =IF($L$4<34,"",INDEX(Programação!$E$5:$E$1004,MATCH(34,Programação!$AF$5:$AF$1004,0))) | C92: =IF($L$4<34,"",INDEX(Programação!$F$5:$F$1004,MATCH(34,Programação!$AF$5:$AF$1004,0))) | D92: =IF($L$4<34,"",INDEX(Programação!$AG$5:$AG$1004,MATCH(34,Programação!$AF$5:$AF$1004,0))) | E92: =IF($L$4<34,"",INDEX(Programação!$O$5:$O$1004,MATCH(34,Programação!$AF$5:$AF$1004,0))) | F92: =IF($L$4<34,"",INDEX(Programação!$P$5:$P$1004,MATCH(34,Programação!$AF$5:$AF$1004,0))) | G92: =IF($A92="","",IF($H92<>"","Concluída",IF($F92<$C$3,"Atrasada",IF($F92=$C$3,"Fecha neste dia","Em execução")))) | H92: =IF($L$4<34,"",IF(INDEX(Programação!$AT$5:$AT$1004,MATCH(34,Programação!$AF$5:$AF$1004,0))="","",INDEX(Programação!$AT$5:$AT$1004,MATCH(34,Programação!$AF$5:$AF$1004,0)))) | I92: =IF($L$4<34,"",MATCH(34,Programação!$AF$5:$AF$1004,0)+4)
A93: =IF($L$4<35,"",INDEX(Programação!$D$5:$D$1004,MATCH(35,Programação!$AF$5:$AF$1004,0))) | B93: =IF($L$4<35,"",INDEX(Programação!$E$5:$E$1004,MATCH(35,Programação!$AF$5:$AF$1004,0))) | C93: =IF($L$4<35,"",INDEX(Programação!$F$5:$F$1004,MATCH(35,Programação!$AF$5:$AF$1004,0))) | D93: =IF($L$4<35,"",INDEX(Programação!$AG$5:$AG$1004,MATCH(35,Programação!$AF$5:$AF$1004,0))) | E93: =IF($L$4<35,"",INDEX(Programação!$O$5:$O$1004,MATCH(35,Programação!$AF$5:$AF$1004,0))) | F93: =IF($L$4<35,"",INDEX(Programação!$P$5:$P$1004,MATCH(35,Programação!$AF$5:$AF$1004,0))) | G93: =IF($A93="","",IF($H93<>"","Concluída",IF($F93<$C$3,"Atrasada",IF($F93=$C$3,"Fecha neste dia","Em execução")))) | H93: =IF($L$4<35,"",IF(INDEX(Programação!$AT$5:$AT$1004,MATCH(35,Programação!$AF$5:$AF$1004,0))="","",INDEX(Programação!$AT$5:$AT$1004,MATCH(35,Programação!$AF$5:$AF$1004,0)))) | I93: =IF($L$4<35,"",MATCH(35,Programação!$AF$5:$AF$1004,0)+4)
A94: =IF($L$4<36,"",INDEX(Programação!$D$5:$D$1004,MATCH(36,Programação!$AF$5:$AF$1004,0))) | B94: =IF($L$4<36,"",INDEX(Programação!$E$5:$E$1004,MATCH(36,Programação!$AF$5:$AF$1004,0))) | C94: =IF($L$4<36,"",INDEX(Programação!$F$5:$F$1004,MATCH(36,Programação!$AF$5:$AF$1004,0))) | D94: =IF($L$4<36,"",INDEX(Programação!$AG$5:$AG$1004,MATCH(36,Programação!$AF$5:$AF$1004,0))) | E94: =IF($L$4<36,"",INDEX(Programação!$O$5:$O$1004,MATCH(36,Programação!$AF$5:$AF$1004,0))) | F94: =IF($L$4<36,"",INDEX(Programação!$P$5:$P$1004,MATCH(36,Programação!$AF$5:$AF$1004,0))) | G94: =IF($A94="","",IF($H94<>"","Concluída",IF($F94<$C$3,"Atrasada",IF($F94=$C$3,"Fecha neste dia","Em execução")))) | H94: =IF($L$4<36,"",IF(INDEX(Programação!$AT$5:$AT$1004,MATCH(36,Programação!$AF$5:$AF$1004,0))="","",INDEX(Programação!$AT$5:$AT$1004,MATCH(36,Programação!$AF$5:$AF$1004,0)))) | I94: =IF($L$4<36,"",MATCH(36,Programação!$AF$5:$AF$1004,0)+4)
A95: =IF($L$4<37,"",INDEX(Programação!$D$5:$D$1004,MATCH(37,Programação!$AF$5:$AF$1004,0))) | B95: =IF($L$4<37,"",INDEX(Programação!$E$5:$E$1004,MATCH(37,Programação!$AF$5:$AF$1004,0))) | C95: =IF($L$4<37,"",INDEX(Programação!$F$5:$F$1004,MATCH(37,Programação!$AF$5:$AF$1004,0))) | D95: =IF($L$4<37,"",INDEX(Programação!$AG$5:$AG$1004,MATCH(37,Programação!$AF$5:$AF$1004,0))) | E95: =IF($L$4<37,"",INDEX(Programação!$O$5:$O$1004,MATCH(37,Programação!$AF$5:$AF$1004,0))) | F95: =IF($L$4<37,"",INDEX(Programação!$P$5:$P$1004,MATCH(37,Programação!$AF$5:$AF$1004,0))) | G95: =IF($A95="","",IF($H95<>"","Concluída",IF($F95<$C$3,"Atrasada",IF($F95=$C$3,"Fecha neste dia","Em execução")))) | H95: =IF($L$4<37,"",IF(INDEX(Programação!$AT$5:$AT$1004,MATCH(37,Programação!$AF$5:$AF$1004,0))="","",INDEX(Programação!$AT$5:$AT$1004,MATCH(37,Programação!$AF$5:$AF$1004,0)))) | I95: =IF($L$4<37,"",MATCH(37,Programação!$AF$5:$AF$1004,0)+4)
A96: =IF($L$4<38,"",INDEX(Programação!$D$5:$D$1004,MATCH(38,Programação!$AF$5:$AF$1004,0))) | B96: =IF($L$4<38,"",INDEX(Programação!$E$5:$E$1004,MATCH(38,Programação!$AF$5:$AF$1004,0))) | C96: =IF($L$4<38,"",INDEX(Programação!$F$5:$F$1004,MATCH(38,Programação!$AF$5:$AF$1004,0))) | D96: =IF($L$4<38,"",INDEX(Programação!$AG$5:$AG$1004,MATCH(38,Programação!$AF$5:$AF$1004,0))) | E96: =IF($L$4<38,"",INDEX(Programação!$O$5:$O$1004,MATCH(38,Programação!$AF$5:$AF$1004,0))) | F96: =IF($L$4<38,"",INDEX(Programação!$P$5:$P$1004,MATCH(38,Programação!$AF$5:$AF$1004,0))) | G96: =IF($A96="","",IF($H96<>"","Concluída",IF($F96<$C$3,"Atrasada",IF($F96=$C$3,"Fecha neste dia","Em execução")))) | H96: =IF($L$4<38,"",IF(INDEX(Programação!$AT$5:$AT$1004,MATCH(38,Programação!$AF$5:$AF$1004,0))="","",INDEX(Programação!$AT$5:$AT$1004,MATCH(38,Programação!$AF$5:$AF$1004,0)))) | I96: =IF($L$4<38,"",MATCH(38,Programação!$AF$5:$AF$1004,0)+4)
A97: =IF($L$4<39,"",INDEX(Programação!$D$5:$D$1004,MATCH(39,Programação!$AF$5:$AF$1004,0))) | B97: =IF($L$4<39,"",INDEX(Programação!$E$5:$E$1004,MATCH(39,Programação!$AF$5:$AF$1004,0))) | C97: =IF($L$4<39,"",INDEX(Programação!$F$5:$F$1004,MATCH(39,Programação!$AF$5:$AF$1004,0))) | D97: =IF($L$4<39,"",INDEX(Programação!$AG$5:$AG$1004,MATCH(39,Programação!$AF$5:$AF$1004,0))) | E97: =IF($L$4<39,"",INDEX(Programação!$O$5:$O$1004,MATCH(39,Programação!$AF$5:$AF$1004,0))) | F97: =IF($L$4<39,"",INDEX(Programação!$P$5:$P$1004,MATCH(39,Programação!$AF$5:$AF$1004,0))) | G97: =IF($A97="","",IF($H97<>"","Concluída",IF($F97<$C$3,"Atrasada",IF($F97=$C$3,"Fecha neste dia","Em execução")))) | H97: =IF($L$4<39,"",IF(INDEX(Programação!$AT$5:$AT$1004,MATCH(39,Programação!$AF$5:$AF$1004,0))="","",INDEX(Programação!$AT$5:$AT$1004,MATCH(39,Programação!$AF$5:$AF$1004,0)))) | I97: =IF($L$4<39,"",MATCH(39,Programação!$AF$5:$AF$1004,0)+4)
A98: =IF($L$4<40,"",INDEX(Programação!$D$5:$D$1004,MATCH(40,Programação!$AF$5:$AF$1004,0))) | B98: =IF($L$4<40,"",INDEX(Programação!$E$5:$E$1004,MATCH(40,Programação!$AF$5:$AF$1004,0))) | C98: =IF($L$4<40,"",INDEX(Programação!$F$5:$F$1004,MATCH(40,Programação!$AF$5:$AF$1004,0))) | D98: =IF($L$4<40,"",INDEX(Programação!$AG$5:$AG$1004,MATCH(40,Programação!$AF$5:$AF$1004,0))) | E98: =IF($L$4<40,"",INDEX(Programação!$O$5:$O$1004,MATCH(40,Programação!$AF$5:$AF$1004,0))) | F98: =IF($L$4<40,"",INDEX(Programação!$P$5:$P$1004,MATCH(40,Programação!$AF$5:$AF$1004,0))) | G98: =IF($A98="","",IF($H98<>"","Concluída",IF($F98<$C$3,"Atrasada",IF($F98=$C$3,"Fecha neste dia","Em execução")))) | H98: =IF($L$4<40,"",IF(INDEX(Programação!$AT$5:$AT$1004,MATCH(40,Programação!$AF$5:$AF$1004,0))="","",INDEX(Programação!$AT$5:$AT$1004,MATCH(40,Programação!$AF$5:$AF$1004,0)))) | I98: =IF($L$4<40,"",MATCH(40,Programação!$AF$5:$AF$1004,0)+4)
A99: =IF($L$4<=40,"","⚠ há mais "&($L$4-40)&" atividades além das 40 listadas — veja na aba Programação")
A101: Para concluir uma atividade: vá à aba PROGRAMAÇÃO, na linha que a coluna LINHA indica, e escreva a data em CONCLUÍDA EM. Aqui nada se digita a não ser a data lá em cima — o resto é espelho da Programação.

Sheet Programação
A1: PROGRAMAÇÃO DE SERVIÇOS · MAKRO TRANSPORTES · SEMANA 37
A2: CALCULADO | C2: 1 · O QUE É O SERVIÇO | I2: 2 · QUEM FAZ — até três | L2: 3 · PROGRAMAR — semana, dia e quantos dias leva | O2: CALCULADO | Q2: 4 · SÓ QUANDO ACONTECER | V2: CALCULADO — não digite aqui | AM2: 5 · PRIORIDADE | AN2: CALCULADO — não digite aqui
A3: Linha | B3: Situação | C3: OS | D3: Frota | E3: Serviço | F3: Atividade | G3: Tipo | H3: Origem | I3: Executante 1 | J3: Executante 2 | K3: Executante 3 | L3: Semana | M3: Dia | N3: Dias prev. | O3: Início | P3: Prazo | Q3: Concluída em | R3: Marcar | S3: Semana orig. | T3: Motivo do atraso / da mudança | U3: Obs. | V3: Oficina | W3: Plano | X3: No prazo | Y3: No plano | Z3: Atraso | AA3: Reprog. | AB3: Concl. | AC3: Venc? | AD3: Fração | AE3: Ordem dia | AF3: Ordem atr. | AG3: Quem | AH3: Entra dia | AI3: Entra atr. | AJ3: Chave | AK3: Nº no serv. | AL3: Qtd no serv. | AM3: Prioridade | AN3: Cliente | AO3: Chave carteira | AP3: Ordem carteira | AQ3: É da frota | AR3: Ordem frota | AS3: Baixa da aba Hoje | AT3: Concluída efetiva
A5: =IF($F5="","",ROW()) -> 5 | B5: =IF($F5="",IF($D5="","","Falta a atividade"),IF($R5="Cancelada","Cancelada",IF($AB5=1,IF(N($Z5)>0,"Concluída com atraso","Concluída"),IF($R5="Em programação","Em programação",IF($O5="",IF($M5="","Na carteira","Falta a semana"),IF($AC5=1,"VENCIDA",IF($O5>Hoje!$L$1,"Programada",IF($P5>Hoje!$L$1,"Em execução","Fecha hoje")))))))) -> Concluída | C5: 021188 | D5: F-326 | E5: Calibração e troca de pneus | F5: Trocar pneus | G5: Corretiva | H5: Extra | I5: Airton | J5: Luiz Paulo | L5: 35 | M5: Qua | N5: 4 | O5: =IF(OR($L5="",$M5=""),"",(DATE(Semana!$J$3,1,4)-WEEKDAY(DATE(Semana!$J$3,1,4),3))+($L5-1)*7+MATCH($M5,Listas!$F$5:$F$11,0)-1) -> 46260 | P5: =IF(OR($F5="",$O5=""),"",$O5+MAX(0,ROUNDUP($AK5*MAX(1,IF($N5="",1,$N5))/MAX(1,$AL5),0)-1)) -> 46260 | Q5: 46260 | R5: Concluída | U5: Sistema: Pneus | V5: =IF($F5="","",IF(ISNUMBER(SEARCH("(externo)",$I5&$J5&$K5)),"Terceirizada","Interna")) -> Interna | W5: =IF($O5="","",IF($S5="",$O5,(DATE(Semana!$J$3,1,4)-WEEKDAY(DATE(Semana!$J$3,1,4),3))+($S5-1)*7+IF($M5="",0,MATCH($M5,Listas!$F$5:$F$11,0)-1))) -> 46260 | X5: =IF($F5="","",IF(OR($AT5="",$O5=""),0,IF($AT5<=$O5,1,0))) -> 1 | Y5: =IF($F5="","",IF(OR($AT5="",$W5=""),0,IF($AT5<=$W5,1,0))) -> 1 | Z5: =IF(OR($AT5="",$O5=""),"",MAX(0,$AT5-$O5)) -> 0 | AA5: =IF($F5="","",IF(AND($S5<>"",$L5<>"",$S5<>$L5),1,0)) -> 0 | AB5: =IF($F5="","",IF($R5="Cancelada",0,IF(OR($AT5<>"",$R5="Concluída"),1,0))) -> 1 | AC5: =IF($P5="",0,IF($P5<Hoje!$L$1,1,IF(AND($P5=Hoje!$L$1,Hoje!$L$2>Semana!$M$3),1,0))) -> 1 | AD5: =IF($F5="","",IF(COUNTA($I5:$K5)=0,0,1/COUNTA($I5:$K5))) -> 0.5 | AE5: =IF($AH5=0,"",SUM($AH$4:$AH5)) | AF5: =IF($AI5=0,"",SUM($AI$4:$AI5)) | AG5: =IF($F5="","",$I5&IF($J5="",""," · "&$J5)&IF($K5="",""," · "&$K5)) -> Airton · Luiz Paulo | AH5: =IF(AND($F5<>"",$O5<>"",$O5<=Hoje!$C$3,$P5>=Hoje!$C$3,$R5<>"Cancelada"),1,0) -> 0 | AI5: =IF(AND($F5<>"",$P5<>"",$P5<Hoje!$C$3,$AB5=0,$R5<>"Cancelada"),1,0) -> 0 | AJ5: =IF($F5="","",$D5&"|"&$E5&"|"&$L5) -> F-326|Calibração e troca de pneus|35 | AK5: =IF($AJ5="","",COUNTIF($AJ$4:$AJ5,$AJ5)) -> 1 | AL5: =IF($AJ5="","",COUNTIF($AJ$4:$AJ$1004,$AJ5)) -> 5 | AN5: =IF($D5="","",IFERROR(T(VLOOKUP($D5,Listas!$B$5:$H$120,7,0)),"")) | AO5: =IF(OR($F5="",$L5<>"",$R5="Cancelada",$AT5<>""),"",$AN5&"|"&$D5&"|"&IF($C5="","zzz",$C5)&"|"&TEXT(5,"0000")) | AP5: =IF($AO5="","",COUNTIF($AO$5:$AO$1004,"<"&$AO5)-(ROWS($AO$5:$AO$1004)-Hoje!$L$5)+1) | AQ5: =IF(AND($F5<>"",$D5=Frota!$C$3),1,0) -> 0 | AR5: =IF($AQ5=0,"",SUM($AQ$4:$AQ5)) | AS5: =IFERROR(INDEX(Hoje!$K$10:$K$29,MATCH(ROW(),Hoje!$J$10:$J$29,0)),"") | AT5: =IF($Q5<>"",$Q5,$AS5) -> 46260
A6: =IF($F6="","",ROW()) -> 6 | B6: =IF($F6="",IF($D6="","","Falta a atividade"),IF($R6="Cancelada","Cancelada",IF($AB6=1,IF(N($Z6)>0,"Concluída com atraso","Concluída"),IF($R6="Em programação","Em programação",IF($O6="",IF($M6="","Na carteira","Falta a semana"),IF($AC6=1,"VENCIDA",IF($O6>Hoje!$L$1,"Programada",IF($P6>Hoje!$L$1,"Em execução","Fecha hoje")))))))) -> Concluída | C6: 021188 | D6: F-326 | E6: Calibração e troca de pneus | F6: Substituir batentes dos eixos traseiros LE e LD gastos | G6: Corretiva | H6: Extra | I6: Júnior | L6: 35 | M6: Qua | N6: 4 | O6: =IF(OR($L6="",$M6=""),"",(DATE(Semana!$J$3,1,4)-WEEKDAY(DATE(Semana!$J$3,1,4),3))+($L6-1)*7+MATCH($M6,Listas!$F$5:$F$11,0)-1) -> 46260 | P6: =IF(OR($F6="",$O6=""),"",$O6+MAX(0,ROUNDUP($AK6*MAX(1,IF($N6="",1,$N6))/MAX(1,$AL6),0)-1)) -> 46261 | Q6: 46260 | R6: Concluída | U6: Sistema: Pneus · Serviço empresa especializada · peça 20390836 (4 unidades) | V6: =IF($F6="","",IF(ISNUMBER(SEARCH("(externo)",$I6&$J6&$K6)),"Terceirizada","Interna")) -> Interna | W6: =IF($O6="","",IF($S6="",$O6,(DATE(Semana!$J$3,1,4)-WEEKDAY(DATE(Semana!$J$3,1,4),3))+($S6-1)*7+IF($M6="",0,MATCH($M6,Listas!$F$5:$F$11,0)-1))) -> 46260 | X6: =IF($F6="","",IF(OR($AT6="",$O6=""),0,IF($AT6<=$O6,1,0))) -> 1 | Y6: =IF($F6="","",IF(OR($AT6="",$W6=""),0,IF($AT6<=$W6,1,0))) -> 1 | Z6: =IF(OR($AT6="",$O6=""),"",MAX(0,$AT6-$O6)) -> 0 | AA6: =IF($F6="","",IF(AND($S6<>"",$L6<>"",$S6<>$L6),1,0)) -> 0 | AB6: =IF($F6="","",IF($R6="Cancelada",0,IF(OR($AT6<>"",$R6="Concluída"),1,0))) -> 1 | AC6: =IF($P6="",0,IF($P6<Hoje!$L$1,1,IF(AND($P6=Hoje!$L$1,Hoje!$L$2>Semana!$M$3),1,0))) -> 1 | AD6: =IF($F6="","",IF(COUNTA($I6:$K6)=0,0,1/COUNTA($I6:$K6))) -> 1 | AE6: =IF($AH6=0,"",SUM($AH$4:$AH6)) | AF6: =IF($AI6=0,"",SUM($AI$4:$AI6)) | AG6: =IF($F6="","",$I6&IF($J6="",""," · "&$J6)&IF($K6="",""," · "&$K6)) -> Júnior | AH6: =IF(AND($F6<>"",$O6<>"",$O6<=Hoje!$C$3,$P6>=Hoje!$C$3,$R6<>"Cancelada"),1,0) -> 0 | AI6: =IF(AND($F6<>"",$P6<>"",$P6<Hoje!$C$3,$AB6=0,$R6<>"Cancelada"),1,0) -> 0 | AJ6: =IF($F6="","",$D6&"|"&$E6&"|"&$L6) -> F-326|Calibração e troca de pneus|35 | AK6: =IF($AJ6="","",COUNTIF($AJ$4:$AJ6,$AJ6)) -> 2 | AL6: =IF($AJ6="","",COUNTIF($AJ$4:$AJ$1004,$AJ6)) -> 5 | AN6: =IF($D6="","",IFERROR(T(VLOOKUP($D6,Listas!$B$5:$H$120,7,0)),"")) | AO6: =IF(OR($F6="",$L6<>"",$R6="Cancelada",$AT6<>""),"",$AN6&"|"&$D6&"|"&IF($C6="","zzz",$C6)&"|"&TEXT(6,"0000")) | AP6: =IF($AO6="","",COUNTIF($AO$5:$AO$1004,"<"&$AO6)-(ROWS($AO$5:$AO$1004)-Hoje!$L$5)+1) | AQ6: =IF(AND($F6<>"",$D6=Frota!$C$3),1,0) -> 0 | AR6: =IF($AQ6=0,"",SUM($AQ$4:$AQ6)) | AS6: =IFERROR(INDEX(Hoje!$K$10:$K$29,MATCH(ROW(),Hoje!$J$10:$J$29,0)),"") | AT6: =IF($Q6<>"",$Q6,$AS6) -> 46260
A7: =IF($F7="","",ROW()) -> 7 | B7: =IF($F7="",IF($D7="","","Falta a atividade"),IF($R7="Cancelada","Cancelada",IF($AB7=1,IF(N($Z7)>0,"Concluída com atraso","Concluída"),IF($R7="Em programação","Em programação",IF($O7="",IF($M7="","Na carteira","Falta a semana"),IF($AC7=1,"VENCIDA",IF($O7>Hoje!$L$1,"Programada",IF($P7>Hoje!$L$1,"Em execução","Fecha hoje")))))))) -> Concluída | C7: 021188 | D7: F-326 | E7: Calibração e troca de pneus | F7: Soldar base do paralama dianteiro LD avariada | G7: Corretiva | H7: Extra | I7: Júnior | L7: 35 | M7: Qua | N7: 4 | O7: =IF(OR($L7="",$M7=""),"",(DATE(Semana!$J$3,1,4)-WEEKDAY(DATE(Semana!$J$3,1,4),3))+($L7-1)*7+MATCH($M7,Listas!$F$5:$F$11,0)-1) -> 46260 | P7: =IF(OR($F7="",$O7=""),"",$O7+MAX(0,ROUNDUP($AK7*MAX(1,IF($N7="",1,$N7))/MAX(1,$AL7),0)-1)) -> 46262 | Q7: 46260 | R7: Concluída | U7: Sistema: Pneus · 20453900 | V7: =IF($F7="","",IF(ISNUMBER(SEARCH("(externo)",$I7&$J7&$K7)),"Terceirizada","Interna")) -> Interna | W7: =IF($O7="","",IF($S7="",$O7,(DATE(Semana!$J$3,1,4)-WEEKDAY(DATE(Semana!$J$3,1,4),3))+($S7-1)*7+IF($M7="",0,MATCH($M7,Listas!$F$5:$F$11,0)-1))) -> 46260 | X7: =IF($F7="","",IF(OR($AT7="",$O7=""),0,IF($AT7<=$O7,1,0))) -> 1 | Y7: =IF($F7="","",IF(OR($AT7="",$W7=""),0,IF($AT7<=$W7,1,0))) -> 1 | Z7: =IF(OR($AT7="",$O7=""),"",MAX(0,$AT7-$O7)) -> 0 | AA7: =IF($F7="","",IF(AND($S7<>"",$L7<>"",$S7<>$L7),1,0)) -> 0 | AB7: =IF($F7="","",IF($R7="Cancelada",0,IF(OR($AT7<>"",$R7="Concluída"),1,0))) -> 1 | AC7: =IF($P7="",0,IF($P7<Hoje!$L$1,1,IF(AND($P7=Hoje!$L$1,Hoje!$L$2>Semana!$M$3),1,0))) -> 1 | AD7: =IF($F7="","",IF(COUNTA($I7:$K7)=0,0,1/COUNTA($I7:$K7))) -> 1 | AE7: =IF($AH7=0,"",SUM($AH$4:$AH7)) | AF7: =IF($AI7=0,"",SUM($AI$4:$AI7)) | AG7: =IF($F7="","",$I7&IF($J7="",""," · "&$J7)&IF($K7="",""," · "&$K7)) -> Júnior | AH7: =IF(AND($F7<>"",$O7<>"",$O7<=Hoje!$C$3,$P7>=Hoje!$C$3,$R7<>"Cancelada"),1,0) -> 0 | AI7: =IF(AND($F7<>"",$P7<>"",$P7<Hoje!$C$3,$AB7=0,$R7<>"Cancelada"),1,0) -> 0 | AJ7: =IF($F7="","",$D7&"|"&$E7&"|"&$L7) -> F-326|Calibração e troca de pneus|35 | AK7: =IF($AJ7="","",COUNTIF($AJ$4:$AJ7,$AJ7)) -> 3 | AL7: =IF($AJ7="","",COUNTIF($AJ$4:$AJ$1004,$AJ7)) -> 5 | AN7: =IF($D7="","",IFERROR(T(VLOOKUP($D7,Listas!$B$5:$H$120,7,0)),"")) | AO7: =IF(OR($F7="",$L7<>"",$R7="Cancelada",$AT7<>""),"",$AN7&"|"&$D7&"|"&IF($C7="","zzz",$C7)&"|"&TEXT(7,"0000")) | AP7: =IF($AO7="","",COUNTIF($AO$5:$AO$1004,"<"&$AO7)-(ROWS($AO$5:$AO$1004)-Hoje!$L$5)+1) | AQ7: =IF(AND($F7<>"",$D7=Frota!$C$3),1,0) -> 0 | AR7: =IF($AQ7=0,"",SUM($AQ$4:$AQ7)) | AS7: =IFERROR(INDEX(Hoje!$K$10:$K$29,MATCH(ROW(),Hoje!$J$10:$J$29,0)),"") | AT7: =IF($Q7<>"",$Q7,$AS7) -> 46260
A8: =IF($F8="","",ROW()) -> 8 | B8: =IF($F8="",IF($D8="","","Falta a atividade"),IF($R8="Cancelada","Cancelada",IF($AB8=1,IF(N($Z8)>0,"Concluída com atraso","Concluída"),IF($R8="Em programação","Em programação",IF($O8="",IF($M8="","Na carteira","Falta a semana"),IF($AC8=1,"VENCIDA",IF($O8>Hoje!$L$1,"Programada",IF($P8>Hoje!$L$1,"Em execução","Fecha hoje")))))))) -> Concluída | C8: 021188 | D8: F-326 | E8: Calibração e troca de pneus | F8: Substituir acabamento do retrovisor inferior LD | G8: Corretiva | H8: Extra | I8: Júnior | L8: 35 | M8: Qua | N8: 4 | O8: =IF(OR($L8="",$M8=""),"",(DATE(Semana!$J$3,1,4)-WEEKDAY(DATE(Semana!$J$3,1,4),3))+($L8-1)*7+MATCH($M8,Listas!$F$5:$F$11,0)-1) -> 46260 | P8: =IF(OR($F8="",$O8=""),"",$O8+MAX(0,ROUNDUP($AK8*MAX(1,IF($N8="",1,$N8))/MAX(1,$AL8),0)-1)) -> 46263 | Q8: 46260 | R8: Concluída | U8: Sistema: Pneus · item em aplicação direta ou realizar pedido 21169971 | V8: =IF($F8="","",IF(ISNUMBER(SEARCH("(externo)",$I8&$J8&$K8)),"Terceirizada","Interna")) -> Interna | W8: =IF($O8="","",IF($S8="",$O8,(DATE(Semana!$J$3,1,4)-WEEKDAY(DATE(Semana!$J$3,1,4),3))+($S8-1)*7+IF($M8="",0,MATCH($M8,Listas!$F$5:$F$11,0)-1))) -> 46260 | X8: =IF($F8="","",IF(OR($AT8="",$O8=""),0,IF($AT8<=$O8,1,0))) -> 1 | Y8: =IF($F8="","",IF(OR($AT8="",$W8=""),0,IF($AT8<=$W8,1,0))) -> 1 | Z8: =IF(OR($AT8="",$O8=""),"",MAX(0,$AT8-$O8)) -> 0 | AA8: =IF($F8="","",IF(AND($S8<>"",$L8<>"",$S8<>$L8),1,0)) -> 0 | AB8: =IF($F8="","",IF($R8="Cancelada",0,IF(OR($AT8<>"",$R8="Concluída"),1,0))) -> 1 | AC8: =IF($P8="",0,IF($P8<Hoje!$L$1,1,IF(AND($P8=Hoje!$L$1,Hoje!$L$2>Semana!$M$3),1,0))) -> 1 | AD8: =IF($F8="","",IF(COUNTA($I8:$K8)=0,0,1/COUNTA($I8:$K8))) -> 1 | AE8: =IF($AH8=0,"",SUM($AH$4:$AH8)) | AF8: =IF($AI8=0,"",SUM($AI$4:$AI8)) | AG8: =IF($F8="","",$I8&IF($J8="",""," · "&$J8)&IF($K8="",""," · "&$K8)) -> Júnior | AH8: =IF(AND($F8<>"",$O8<>"",$O8<=Hoje!$C$3,$P8>=Hoje!$C$3,$R8<>"Cancelada"),1,0) -> 0 | AI8: =IF(AND($F8<>"",$P8<>"",$P8<Hoje!$C$3,$AB8=0,$R8<>"Cancelada"),1,0) -> 0 | AJ8: =IF($F8="","",$D8&"|"&$E8&"|"&$L8) -> F-326|Calibração e troca de pneus|35 | AK8: =IF($AJ8="","",COUNTIF($AJ$4:$AJ8,$AJ8)) -> 4 | AL8: =IF($AJ8="","",COUNTIF($AJ$4:$AJ$1004,$AJ8)) -> 5 | AN8: =IF($D8="","",IFERROR(T(VLOOKUP($D8,Listas!$B$5:$H$120,7,0)),"")) | AO8: =IF(OR($F8="",$L8<>"",$R8="Cancelada",$AT8<>""),"",$AN8&"|"&$D8&"|"&IF($C8="","zzz",$C8)&"|"&TEXT(8,"0000")) | AP8: =IF($AO8="","",COUNTIF($AO$5:$AO$1004,"<"&$AO8)-(ROWS($AO$5:$AO$1004)-Hoje!$L$5)+1) | AQ8: =IF(AND($F8<>"",$D8=Frota!$C$3),1,0) -> 0 | AR8: =IF($AQ8=0,"",SUM($AQ$4:$AQ8)) | AS8: =IFERROR(INDEX(Hoje!$K$10:$K$29,MATCH(ROW(),Hoje!$J$10:$J$29,0)),"") | AT8: =IF($Q8<>"",$Q8,$AS8) -> 46260
A9: =IF($F9="","",ROW()) -> 9 | B9: =IF($F9="",IF($D9="","","Falta a atividade"),IF($R9="Cancelada","Cancelada",IF($AB9=1,IF(N($Z9)>0,"Concluída com atraso","Concluída"),IF($R9="Em programação","Em programação",IF($O9="",IF($M9="","Na carteira","Falta a semana"),IF($AC9=1,"VENCIDA",IF($O9>Hoje!$L$1,"Programada",IF($P9>Hoje!$L$1,"Em execução","Fecha hoje")))))))) -> Concluída | C9: 021188 | D9: F-326 | E9: Calibração e troca de pneus | F9: CARCAÇA INTERNA DO FAROL | G9: Corretiva | H9: Extra | I9: Júnior | L9: 35 | M9: Qua | N9: 4 | O9: =IF(OR($L9="",$M9=""),"",(DATE(Semana!$J$3,1,4)-WEEKDAY(DATE(Semana!$J$3,1,4),3))+($L9-1)*7+MATCH($M9,Listas!$F$5:$F$11,0)-1) -> 46260 | P9: =IF(OR($F9="",$O9=""),"",$O9+MAX(0,ROUNDUP($AK9*MAX(1,IF($N9="",1,$N9))/MAX(1,$AL9),0)-1)) -> 46263 | Q9: 46260 | R9: Concluída | U9: Sistema: Pneus · 20453627 | V9: =IF($F9="","",IF(ISNUMBER(SEARCH("(externo)",$I9&$J9&$K9)),"Terceirizada","Interna")) -> Interna | W9: =IF($O9="","",IF($S9="",$O9,(DATE(Semana!$J$3,1,4)-WEEKDAY(DATE(Semana!$J$3,1,4),3))+($S9-1)*7+IF($M9="",0,MATCH($M9,Listas!$F$5:$F$11,0)-1))) -> 46260 | X9: =IF($F9="","",IF(OR($AT9="",$O9=""),0,IF($AT9<=$O9,1,0))) -> 1 | Y9: =IF($F9="","",IF(OR($AT9="",$W9=""),0,IF($AT9<=$W9,1,0))) -> 1 | Z9: =IF(OR($AT9="",$O9=""),"",MAX(0,$AT9-$O9)) -> 0 | AA9: =IF($F9="","",IF(AND($S9<>"",$L9<>"",$S9<>$L9),1,0)) -> 0 | AB9: =IF($F9="","",IF($R9="Cancelada",0,IF(OR($AT9<>"",$R9="Concluída"),1,0))) -> 1 | AC9: =IF($P9="",0,IF($P9<Hoje!$L$1,1,IF(AND($P9=Hoje!$L$1,Hoje!$L$2>Semana!$M$3),1,0))) -> 1 | AD9: =IF($F9="","",IF(COUNTA($I9:$K9)=0,0,1/COUNTA($I9:$K9))) -> 1 | AE9: =IF($AH9=0,"",SUM($AH$4:$AH9)) | AF9: =IF($AI9=0,"",SUM($AI$4:$AI9)) | AG9: =IF($F9="","",$I9&IF($J9="",""," · "&$J9)&IF($K9="",""," · "&$K9)) -> Júnior | AH9: =IF(AND($F9<>"",$O9<>"",$O9<=Hoje!$C$3,$P9>=Hoje!$C$3,$R9<>"Cancelada"),1,0) -> 0 | AI9: =IF(AND($F9<>"",$P9<>"",$P9<Hoje!$C$3,$AB9=0,$R9<>"Cancelada"),1,0) -> 0 | AJ9: =IF($F9="","",$D9&"|"&$E9&"|"&$L9) -> F-326|Calibração e troca de pneus|35 | AK9: =IF($AJ9="","",COUNTIF($AJ$4:$AJ9,$AJ9)) -> 5 | AL9: =IF($AJ9="","",COUNTIF($AJ$4:$AJ$1004,$AJ9)) -> 5 | AN9: =IF($D9="","",IFERROR(T(VLOOKUP($D9,Listas!$B$5:$H$120,7,0)),"")) | AO9: =IF(OR($F9="",$L9<>"",$R9="Cancelada",$AT9<>""),"",$AN9&"|"&$D9&"|"&IF($C9="","zzz",$C9)&"|"&TEXT(9,"0000")) | AP9: =IF($AO9="","",COUNTIF($AO$5:$AO$1004,"<"&$AO9)-(ROWS($AO$5:$AO$1004)-Hoje!$L$5)+1) | AQ9: =IF(AND($F9<>"",$D9=Frota!$C$3),1,0) -> 0 | AR9: =IF($AQ9=0,"",SUM($AQ$4:$AQ9)) | AS9: =IFERROR(INDEX(Hoje!$K$10:$K$29,MATCH(ROW(),Hoje!$J$10:$J$29,0)),"") | AT9: =IF($Q9<>"",$Q9,$AS9) -> 46260
A10: =IF($F10="","",ROW()) -> 10 | B10: =IF($F10="",IF($D10="","","Falta a atividade"),IF($R10="Cancelada","Cancelada",IF($AB10=1,IF(N($Z10)>0,"Concluída com atraso","Concluída"),IF($R10="Em programação","Em programação",IF($O10="",IF($M10="","Na carteira","Falta a semana"),IF($AC10=1,"VENCIDA",IF($O10>Hoje!$L$1,"Programada",IF($P10>Hoje!$L$1,"Em execução","Fecha hoje")))))))) -> Concluída | C10: 019784 | D10: F-327 | E10: Montar adesivos e baixa de carteira | F10: Realizar lavagem e corrigir vazamento na bomba de direção | G10: Corretiva | H10: Programada | I10: Júnior | L10: 35 | M10: Qua | N10: 3 | O10: =IF(OR($L10="",$M10=""),"",(DATE(Semana!$J$3,1,4)-WEEKDAY(DATE(Semana!$J$3,1,4),3))+($L10-1)*7+MATCH($M10,Listas!$F$5:$F$11,0)-1) -> 46260 | P10: =IF(OR($F10="",$O10=""),"",$O10+MAX(0,ROUNDUP($AK10*MAX(1,IF($N10="",1,$N10))/MAX(1,$AL10),0)-1)) -> 46260 | Q10: 46260 | R10: Concluída | U10: serviço interno Matriz | V10: =IF($F10="","",IF(ISNUMBER(SEARCH("(externo)",$I10&$J10&$K10)),"Terceirizada","Interna")) -> Interna | W10: =IF($O10="","",IF($S10="",$O10,(DATE(Semana!$J$3,1,4)-WEEKDAY(DATE(Semana!$J$3,1,4),3))+($S10-1)*7+IF($M10="",0,MATCH($M10,Listas!$F$5:$F$11,0)-1))) -> 46260 | X10: =IF($F10="","",IF(OR($AT10="",$O10=""),0,IF($AT10<=$O10,1,0))) -> 1 | Y10: =IF($F10="","",IF(OR($AT10="",$W10=""),0,IF($AT10<=$W10,1,0))) -> 1 | Z10: =IF(OR($AT10="",$O10=""),"",MAX(0,$AT10-$O10)) -> 0 | AA10: =IF($F10="","",IF(AND($S10<>"",$L10<>"",$S10<>$L10),1,0)) -> 0 | AB10: =IF($F10="","",IF($R10="Cancelada",0,IF(OR($AT10<>"",$R10="Concluída"),1,0))) -> 1 | AC10: =IF($P10="",0,IF($P10<Hoje!$L$1,1,IF(AND($P10=Hoje!$L$1,Hoje!$L$2>Semana!$M$3),1,0))) -> 1 | AD10: =IF($F10="","",IF(COUNTA($I10:$K10)=0,0,1/COUNTA($I10:$K10))) -> 1 | AE10: =IF($AH10=0,"",SUM($AH$4:$AH10)) | AF10: =IF($AI10=0,"",SUM($AI$4:$AI10)) | AG10: =IF($F10="","",$I10&IF($J10="",""," · "&$J10)&IF($K10="",""," · "&$K10)) -> Júnior | AH10: =IF(AND($F10<>"",$O10<>"",$O10<=Hoje!$C$3,$P10>=Hoje!$C$3,$R10<>"Cancelada"),1,0) -> 0 | AI10: =IF(AND($F10<>"",$P10<>"",$P10<Hoje!$C$3,$AB10=0,$R10<>"Cancelada"),1,0) -> 0 | AJ10: =IF($F10="","",$D10&"|"&$E10&"|"&$L10) -> F-327|Montar adesivos e baixa de carteira|35 | AK10: =IF($AJ10="","",COUNTIF($AJ$4:$AJ10,$AJ10)) -> 1 | AL10: =IF($AJ10="","",COUNTIF($AJ$4:$AJ$1004,$AJ10)) -> 4 | AN10: =IF($D10="","",IFERROR(T(VLOOKUP($D10,Listas!$B$5:$H$120,7,0)),"")) | AO10: =IF(OR($F10="",$L10<>"",$R10="Cancelada",$AT10<>""),"",$AN10&"|"&$D10&"|"&IF($C10="","zzz",$C10)&"|"&TEXT(10,"0000")) | AP10: =IF($AO10="","",COUNTIF($AO$5:$AO$1004,"<"&$AO10)-(ROWS($AO$5:$AO$1004)-Hoje!$L$5)+1) | AQ10: =IF(AND($F10<>"",$D10=Frota!$C$3),1,0) -> 0 | AR10: =IF($AQ10=0,"",SUM($AQ$4:$AQ10)) | AS10: =IFERROR(INDEX(Hoje!$K$10:$K$29,MATCH(ROW(),Hoje!$J$10:$J$29,0)),"") | AT10: =IF($Q10<>"",$Q10,$AS10) -> 46260
A11: =IF($F11="","",ROW()) -> 11 | B11: =IF($F11="",IF($D11="","","Falta a atividade"),IF($R11="Cancelada","Cancelada",IF($AB11=1,IF(N($Z11)>0,"Concluída com atraso","Concluída"),IF($R11="Em programação","Em programação",IF($O11="",IF($M11="","Na carteira","Falta a semana"),IF($AC11=1,"VENCIDA",IF($O11>Hoje!$L$1,"Programada",IF($P11>Hoje!$L$1,"Em execução","Fecha hoje")))))))) -> Concluída | C11: 019784 | D11: F-327 | E11: Montar adesivos e baixa de carteira | F11: Regular travamento das portas, motorista relata que as mesmas estão abrindo em movimento | G11: Corretiva | H11: Programada | I11: Júnior | L11: 35 | M11: Qua | N11: 3 | O11: =IF(OR($L11="",$M11=""),"",(DATE(Semana!$J$3,1,4)-WEEKDAY(DATE(Semana!$J$3,1,4),3))+($L11-1)*7+MATCH($M11,Listas!$F$5:$F$11,0)-1) -> 46260 | P11: =IF(OR($F11="",$O11=""),"",$O11+MAX(0,ROUNDUP($AK11*MAX(1,IF($N11="",1,$N11))/MAX(1,$AL11),0)-1)) -> 46261 | Q11: 46260 | R11: Concluída | U11: serviço interno Matriz | V11: =IF($F11="","",IF(ISNUMBER(SEARCH("(externo)",$I11&$J11&$K11)),"Terceirizada","Interna")) -> Interna | W11: =IF($O11="","",IF($S11="",$O11,(DATE(Semana!$J$3,1,4)-WEEKDAY(DATE(Semana!$J$3,1,4),3))+($S11-1)*7+IF($M11="",0,MATCH($M11,Listas!$F$5:$F$11,0)-1))) -> 46260 | X11: =IF($F11="","",IF(OR($AT11="",$O11=""),0,IF($AT11<=$O11,1,0))) -> 1 | Y11: =IF($F11="","",IF(OR($AT11="",$W11=""),0,IF($AT11<=$W11,1,0))) -> 1 | Z11: =IF(OR($AT11="",$O11=""),"",MAX(0,$AT11-$O11)) -> 0 | AA11: =IF($F11="","",IF(AND($S11<>"",$L11<>"",$S11<>$L11),1,0)) -> 0 | AB11: =IF($F11="","",IF($R11="Cancelada",0,IF(OR($AT11<>"",$R11="Concluída"),1,0))) -> 1 | AC11: =IF($P11="",0,IF($P11<Hoje!$L$1,1,IF(AND($P11=Hoje!$L$1,Hoje!$L$2>Semana!$M$3),1,0))) -> 1 | AD11: =IF($F11="","",IF(COUNTA($I11:$K11)=0,0,1/COUNTA($I11:$K11))) -> 1 | AE11: =IF($AH11=0,"",SUM($AH$4:$AH11)) | AF11: =IF($AI11=0,"",SUM($AI$4:$AI11)) | AG11: =IF($F11="","",$I11&IF($J11="",""," · "&$J11)&IF($K11="",""," · "&$K11)) -> Júnior | AH11: =IF(AND($F11<>"",$O11<>"",$O11<=Hoje!$C$3,$P11>=Hoje!$C$3,$R11<>"Cancelada"),1,0) -> 0 | AI11: =IF(AND($F11<>"",$P11<>"",$P11<Hoje!$C$3,$AB11=0,$R11<>"Cancelada"),1,0) -> 0 | AJ11: =IF($F11="","",$D11&"|"&$E11&"|"&$L11) -> F-327|Montar adesivos e baixa de carteira|35 | AK11: =IF($AJ11="","",COUNTIF($AJ$4:$AJ11,$AJ11)) -> 2 | AL11: =IF($AJ11="","",COUNTIF($AJ$4:$AJ$1004,$AJ11)) -> 4 | AN11: =IF($D11="","",IFERROR(T(VLOOKUP($D11,Listas!$B$5:$H$120,7,0)),"")) | AO11: =IF(OR($F11="",$L11<>"",$R11="Cancelada",$AT11<>""),"",$AN11&"|"&$D11&"|"&IF($C11="","zzz",$C11)&"|"&TEXT(11,"0000")) | AP11: =IF($AO11="","",COUNTIF($AO$5:$AO$1004,"<"&$AO11)-(ROWS($AO$5:$AO$1004)-Hoje!$L$5)+1) | AQ11: =IF(AND($F11<>"",$D11=Frota!$C$3),1,0) -> 0 | AR11: =IF($AQ11=0,"",SUM($AQ$4:$AQ11)) | AS11: =IFERROR(INDEX(Hoje!$K$10:$K$29,MATCH(ROW(),Hoje!$J$10:$J$29,0)),"") | AT11: =IF($Q11<>"",$Q11,$AS11) -> 46260
A12: =IF($F12="","",ROW()) -> 12 | B12: =IF($F12="",IF($D12="","","Falta a atividade"),IF($R12="Cancelada","Cancelada",IF($AB12=1,IF(N($Z12)>0,"Concluída com atraso","Concluída"),IF($R12="Em programação","Em programação",IF($O12="",IF($M12="","Na carteira","Falta a semana"),IF($AC12=1,"VENCIDA",IF($O12>Hoje!$L$1,"Programada",IF($P12>Hoje!$L$1,"Em execução","Fecha hoje")))))))) -> Concluída | C12: 021437 | D12: F-327 | E12: baixa de carteira | F12: Corrigir ligação da chave geral | G12: Corretiva | H12: Extra | I12: Adilton | J12: Gabriel | L12: 36 | M12: Seg | N12: 2 | O12: =IF(OR($L12="",$M12=""),"",(DATE(Semana!$J$3,1,4)-WEEKDAY(DATE(Semana!$J$3,1,4),3))+($L12-1)*7+MATCH($M12,Listas!$F$5:$F$11,0)-1) -> 46265 | P12: =IF(OR($F12="",$O12=""),"",$O12+MAX(0,ROUNDUP($AK12*MAX(1,IF($N12="",1,$N12))/MAX(1,$AL12),0)-1)) -> 46265 | Q12: 46265 | R12: Concluída | S12: 35 | T12: Mudou a prioridade | U12: serviço interno Matriz | V12: =IF($F12="","",IF(ISNUMBER(SEARCH("(externo)",$I12&$J12&$K12)),"Terceirizada","Interna")) -> Interna | W12: =IF($O12="","",IF($S12="",$O12,(DATE(Semana!$J$3,1,4)-WEEKDAY(DATE(Semana!$J$3,1,4),3))+($S12-1)*7+IF($M12="",0,MATCH($M12,Listas!$F$5:$F$11,0)-1))) -> 46258 | X12: =IF($F12="","",IF(OR($AT12="",$O12=""),0,IF($AT12<=$O12,1,0))) -> 1 | Y12: =IF($F12="","",IF(OR($AT12="",$W12=""),0,IF($AT12<=$W12,1,0))) -> 0 | Z12: =IF(OR($AT12="",$O12=""),"",MAX(0,$AT12-$O12)) -> 0 | AA12: =IF($F12="","",IF(AND($S12<>"",$L12<>"",$S12<>$L12),1,0)) -> 1 | AB12: =IF($F12="","",IF($R12="Cancelada",0,IF(OR($AT12<>"",$R12="Concluída"),1,0))) -> 1 | AC12: =IF($P12="",0,IF($P12<Hoje!$L$1,1,IF(AND($P12=Hoje!$L$1,Hoje!$L$2>Semana!$M$3),1,0))) -> 1 | AD12: =IF($F12="","",IF(COUNTA($I12:$K12)=0,0,1/COUNTA($I12:$K12))) -> 0.5 | AE12: =IF($AH12=0,"",SUM($AH$4:$AH12)) | AF12: =IF($AI12=0,"",SUM($AI$4:$AI12)) | AG12: =IF($F12="","",$I12&IF($J12="",""," · "&$J12)&IF($K12="",""," · "&$K12)) -> Adilton · Gabriel | AH12: =IF(AND($F12<>"",$O12<>"",$O12<=Hoje!$C$3,$P12>=Hoje!$C$3,$R12<>"Cancelada"),1,0) -> 0 | AI12: =IF(AND($F12<>"",$P12<>"",$P12<Hoje!$C$3,$AB12=0,$R12<>"Cancelada"),1,0) -> 0 | AJ12: =IF($F12="","",$D12&"|"&$E12&"|"&$L12) -> F-327|baixa de carteira|36 | AK12: =IF($AJ12="","",COUNTIF($AJ$4:$AJ12,$AJ12)) -> 1 | AL12: =IF($AJ12="","",COUNTIF($AJ$4:$AJ$1004,$AJ12)) -> 8 | AN12: =IF($D12="","",IFERROR(T(VLOOKUP($D12,Listas!$B$5:$H$120,7,0)),"")) | AO12: =IF(OR($F12="",$L12<>"",$R12="Cancelada",$AT12<>""),"",$AN12&"|"&$D12&"|"&IF($C12="","zzz",$C12)&"|"&TEXT(12,"0000")) | AP12: =IF($AO12="","",COUNTIF($AO$5:$AO$1004,"<"&$AO12)-(ROWS($AO$5:$AO$1004)-Hoje!$L$5)+1) | AQ12: =IF(AND($F12<>"",$D12=Frota!$C$3),1,0) -> 0 | AR12: =IF($AQ12=0,"",SUM($AQ$4:$AQ12)) | AS12: =IFERROR(INDEX(Hoje!$K$10:$K$29,MATCH(ROW(),Hoje!$J$10:$J$29,0)),"") | AT12: =IF($Q12<>"",$Q12,$AS12) -> 46265
A13: =IF($F13="","",ROW()) -> 13 | B13: =IF($F13="",IF($D13="","","Falta a atividade"),IF($R13="Cancelada","Cancelada",IF($AB13=1,IF(N($Z13)>0,"Concluída com atraso","Concluída"),IF($R13="Em programação","Em programação",IF($O13="",IF($M13="","Na carteira","Falta a semana"),IF($AC13=1,"VENCIDA",IF($O13>Hoje!$L$1,"Programada",IF($P13>Hoje!$L$1,"Em execução","Fecha hoje")))))))) -> Concluída | C13: 021441 | D13: F-327 | E13: baixa de carteira | F13: Verificado intercooler com reparos, ficando apenas em observação de substituição | G13: Corretiva | H13: Extra | I13: Adilton | J13: Gabriel | L13: 36 | M13: Seg | N13: 2 | O13: =IF(OR($L13="",$M13=""),"",(DATE(Semana!$J$3,1,4)-WEEKDAY(DATE(Semana!$J$3,1,4),3))+($L13-1)*7+MATCH($M13,Listas!$F$5:$F$11,0)-1) -> 46265 | P13: =IF(OR($F13="",$O13=""),"",$O13+MAX(0,ROUNDUP($AK13*MAX(1,IF($N13="",1,$N13))/MAX(1,$AL13),0)-1)) -> 46265 | Q13: 46265 | R13: Concluída | S13: 35 | T13: Mudou a prioridade | U13: serviço interno Matriz | V13: =IF($F13="","",IF(ISNUMBER(SEARCH("(externo)",$I13&$J13&$K13)),"Terceirizada","Interna")) -> Interna | W13: =IF($O13="","",IF($S13="",$O13,(DATE(Semana!$J$3,1,4)-WEEKDAY(DATE(Semana!$J$3,1,4),3))+($S13-1)*7+IF($M13="",0,MATCH($M13,Listas!$F$5:$F$11,0)-1))) -> 46258 | X13: =IF($F13="","",IF(OR($AT13="",$O13=""),0,IF($AT13<=$O13,1,0))) -> 1 | Y13: =IF($F13="","",IF(OR($AT13="",$W13=""),0,IF($AT13<=$W13,1,0))) -> 0 | Z13: =IF(OR($AT13="",$O13=""),"",MAX(0,$AT13-$O13)) -> 0 | AA13: =IF($F13="","",IF(AND($S13<>"",$L13<>"",$S13<>$L13),1,0)) -> 1 | AB13: =IF($F13="","",IF($R13="Cancelada",0,IF(OR($AT13<>"",$R13="Concluída"),1,0))) -> 1 | AC13: =IF($P13="",0,IF($P13<Hoje!$L$1,1,IF(AND($P13=Hoje!$L$1,Hoje!$L$2>Semana!$M$3),1,0))) -> 1 | AD13: =IF($F13="","",IF(COUNTA($I13:$K13)=0,0,1/COUNTA($I13:$K13))) -> 0.5 | AE13: =IF($AH13=0,"",SUM($AH$4:$AH13)) | AF13: =IF($AI13=0,"",SUM($AI$4:$AI13)) | AG13: =IF($F13="","",$I13&IF($J13="",""," · "&$J13)&IF($K13="",""," · "&$K13)) -> Adilton · Gabriel | AH13: =IF(AND($F13<>"",$O13<>"",$O13<=Hoje!$C$3,$P13>=Hoje!$C$3,$R13<>"Cancelada"),1,0) -> 0 | AI13: =IF(AND($F13<>"",$P13<>"",$P13<Hoje!$C$3,$AB13=0,$R13<>"Cancelada"),1,0) -> 0 | AJ13: =IF($F13="","",$D13&"|"&$E13&"|"&$L13) -> F-327|baixa de carteira|36 | AK13: =IF($AJ13="","",COUNTIF($AJ$4:$AJ13,$AJ13)) -> 2 | AL13: =IF($AJ13="","",COUNTIF($AJ$4:$AJ$1004,$AJ13)) -> 8 | AN13: =IF($D13="","",IFERROR(T(VLOOKUP($D13,Listas!$B$5:$H$120,7,0)),"")) | AO13: =IF(OR($F13="",$L13<>"",$R13="Cancelada",$AT13<>""),"",$AN13&"|"&$D13&"|"&IF($C13="","zzz",$C13)&"|"&TEXT(13,"0000")) | AP13: =IF($AO13="","",COUNTIF($AO$5:$AO$1004,"<"&$AO13)-(ROWS($AO$5:$AO$1004)-Hoje!$L$5)+1) | AQ13: =IF(AND($F13<>"",$D13=Frota!$C$3),1,0) -> 0 | AR13: =IF($AQ13=0,"",SUM($AQ$4:$AQ13)) | AS13: =IFERROR(INDEX(Hoje!$K$10:$K$29,MATCH(ROW(),Hoje!$J$10:$J$29,0)),"") | AT13: =IF($Q13<>"",$Q13,$AS13) -> 46265
A14: =IF($F14="","",ROW()) -> 14 | B14: =IF($F14="",IF($D14="","","Falta a atividade"),IF($R14="Cancelada","Cancelada",IF($AB14=1,IF(N($Z14)>0,"Concluída com atraso","Concluída"),IF($R14="Em programação","Em programação",IF($O14="",IF($M14="","Na carteira","Falta a semana"),IF($AC14=1,"VENCIDA",IF($O14>Hoje!$L$1,"Programada",IF($P14>Hoje!$L$1,"Em execução","Fecha hoje")))))))) -> Concluída | C14: 021446 | D14: F-327 | E14: baixa de carteira | F14: Substituir buchas das abraçadeiras do tanque LD gastas e corrigir/substituir tanque amassado | G14: Corretiva | H14: Extra | I14: Adilton | J14: Gabriel | L14: 36 | M14: Seg | N14: 2 | O14: =IF(OR($L14="",$M14=""),"",(DATE(Semana!$J$3,1,4)-WEEKDAY(DATE(Semana!$J$3,1,4),3))+($L14-1)*7+MATCH($M14,Listas!$F$5:$F$11,0)-1) -> 46265 | P14: =IF(OR($F14="",$O14=""),"",$O14+MAX(0,ROUNDUP($AK14*MAX(1,IF($N14="",1,$N14))/MAX(1,$AL14),0)-1)) -> 46265 | Q14: 46265 | R14: Concluída | S14: 35 | T14: Peça não chegou | U14: serviço interno Matriz | V14: =IF($F14="","",IF(ISNUMBER(SEARCH("(externo)",$I14&$J14&$K14)),"Terceirizada","Interna")) -> Interna | W14: =IF($O14="","",IF($S14="",$O14,(DATE(Semana!$J$3,1,4)-WEEKDAY(DATE(Semana!$J$3,1,4),3))+($S14-1)*7+IF($M14="",0,MATCH($M14,Listas!$F$5:$F$11,0)-1))) -> 46258 | X14: =IF($F14="","",IF(OR($AT14="",$O14=""),0,IF($AT14<=$O14,1,0))) -> 1 | Y14: =IF($F14="","",IF(OR($AT14="",$W14=""),0,IF($AT14<=$W14,1,0))) -> 0 | Z14: =IF(OR($AT14="",$O14=""),"",MAX(0,$AT14-$O14)) -> 0 | AA14: =IF($F14="","",IF(AND($S14<>"",$L14<>"",$S14<>$L14),1,0)) -> 1 | AB14: =IF($F14="","",IF($R14="Cancelada",0,IF(OR($AT14<>"",$R14="Concluída"),1,0))) -> 1 | AC14: =IF($P14="",0,IF($P14<Hoje!$L$1,1,IF(AND($P14=Hoje!$L$1,Hoje!$L$2>Semana!$M$3),1,0))) -> 1 | AD14: =IF($F14="","",IF(COUNTA($I14:$K14)=0,0,1/COUNTA($I14:$K14))) -> 0.5 | AE14: =IF($AH14=0,"",SUM($AH$4:$AH14)) | AF14: =IF($AI14=0,"",SUM($AI$4:$AI14)) | AG14: =IF($F14="","",$I14&IF($J14="",""," · "&$J14)&IF($K14="",""," · "&$K14)) -> Adilton · Gabriel | AH14: =IF(AND($F14<>"",$O14<>"",$O14<=Hoje!$C$3,$P14>=Hoje!$C$3,$R14<>"Cancelada"),1,0) -> 0 | AI14: =IF(AND($F14<>"",$P14<>"",$P14<Hoje!$C$3,$AB14=0,$R14<>"Cancelada"),1,0) -> 0 | AJ14: =IF($F14="","",$D14&"|"&$E14&"|"&$L14) -> F-327|baixa de carteira|36 | AK14: =IF($AJ14="","",COUNTIF($AJ$4:$AJ14,$AJ14)) -> 3 | AL14: =IF($AJ14="","",COUNTIF($AJ$4:$AJ$1004,$AJ14)) -> 8 | AN14: =IF($D14="","",IFERROR(T(VLOOKUP($D14,Listas!$B$5:$H$120,7,0)),"")) | AO14: =IF(OR($F14="",$L14<>"",$R14="Cancelada",$AT14<>""),"",$AN14&"|"&$D14&"|"&IF($C14="","zzz",$C14)&"|"&TEXT(14,"0000")) | AP14: =IF($AO14="","",COUNTIF($AO$5:$AO$1004,"<"&$AO14)-(ROWS($AO$5:$AO$1004)-Hoje!$L$5)+1) | AQ14: =IF(AND($F14<>"",$D14=Frota!$C$3),1,0) -> 0 | AR14: =IF($AQ14=0,"",SUM($AQ$4:$AQ14)) | AS14: =IFERROR(INDEX(Hoje!$K$10:$K$29,MATCH(ROW(),Hoje!$J$10:$J$29,0)),"") | AT14: =IF($Q14<>"",$Q14,$AS14) -> 46265
A15: =IF($F15="","",ROW()) -> 15 | B15: =IF($F15="",IF($D15="","","Falta a atividade"),IF($R15="Cancelada","Cancelada",IF($AB15=1,IF(N($Z15)>0,"Concluída com atraso","Concluída"),IF($R15="Em programação","Em programação",IF($O15="",IF($M15="","Na carteira","Falta a semana"),IF($AC15=1,"VENCIDA",IF($O15>Hoje!$L$1,"Programada",IF($P15>Hoje!$L$1,"Em execução","Fecha hoje")))))))) -> Concluída | C15: 019784 | D15: F-327 | E15: Montar adesivos e baixa de carteira | F15: Repor tampa da caixa de fusíveis LD | G15: Corretiva | H15: Programada | I15: Júnior | L15: 35 | M15: Qua | N15: 3 | O15: =IF(OR($L15="",$M15=""),"",(DATE(Semana!$J$3,1,4)-WEEKDAY(DATE(Semana!$J$3,1,4),3))+($L15-1)*7+MATCH($M15,Listas!$F$5:$F$11,0)-1) -> 46260 | P15: =IF(OR($F15="",$O15=""),"",$O15+MAX(0,ROUNDUP($AK15*MAX(1,IF($N15="",1,$N15))/MAX(1,$AL15),0)-1)) -> 46262 | Q15: 46260 | R15: Concluída | U15: OS 20352 · 20398773 | V15: =IF($F15="","",IF(ISNUMBER(SEARCH("(externo)",$I15&$J15&$K15)),"Terceirizada","Interna")) -> Interna | W15: =IF($O15="","",IF($S15="",$O15,(DATE(Semana!$J$3,1,4)-WEEKDAY(DATE(Semana!$J$3,1,4),3))+($S15-1)*7+IF($M15="",0,MATCH($M15,Listas!$F$5:$F$11,0)-1))) -> 46260 | X15: =IF($F15="","",IF(OR($AT15="",$O15=""),0,IF($AT15<=$O15,1,0))) -> 1 | Y15: =IF($F15="","",IF(OR($AT15="",$W15=""),0,IF($AT15<=$W15,1,0))) -> 1 | Z15: =IF(OR($AT15="",$O15=""),"",MAX(0,$AT15-$O15)) -> 0 | AA15: =IF($F15="","",IF(AND($S15<>"",$L15<>"",$S15<>$L15),1,0)) -> 0 | AB15: =IF($F15="","",IF($R15="Cancelada",0,IF(OR($AT15<>"",$R15="Concluída"),1,0))) -> 1 | AC15: =IF($P15="",0,IF($P15<Hoje!$L$1,1,IF(AND($P15=Hoje!$L$1,Hoje!$L$2>Semana!$M$3),1,0))) -> 1 | AD15: =IF($F15="","",IF(COUNTA($I15:$K15)=0,0,1/COUNTA($I15:$K15))) -> 1 | AE15: =IF($AH15=0,"",SUM($AH$4:$AH15)) | AF15: =IF($AI15=0,"",SUM($AI$4:$AI15)) | AG15: =IF($F15="","",$I15&IF($J15="",""," · "&$J15)&IF($K15="",""," · "&$K15)) -> Júnior | AH15: =IF(AND($F15<>"",$O15<>"",$O15<=Hoje!$C$3,$P15>=Hoje!$C$3,$R15<>"Cancelada"),1,0) -> 0 | AI15: =IF(AND($F15<>"",$P15<>"",$P15<Hoje!$C$3,$AB15=0,$R15<>"Cancelada"),1,0) -> 0 | AJ15: =IF($F15="","",$D15&"|"&$E15&"|"&$L15) -> F-327|Montar adesivos e baixa de carteira|35 | AK15: =IF($AJ15="","",COUNTIF($AJ$4:$AJ15,$AJ15)) -> 3 | AL15: =IF($AJ15="","",COUNTIF($AJ$4:$AJ$1004,$AJ15)) -> 4 | AN15: =IF($D15="","",IFERROR(T(VLOOKUP($D15,Listas!$B$5:$H$120,7,0)),"")) | AO15: =IF(OR($F15="",$L15<>"",$R15="Cancelada",$AT15<>""),"",$AN15&"|"&$D15&"|"&IF($C15="","zzz",$C15)&"|"&TEXT(15,"0000")) | AP15: =IF($AO15="","",COUNTIF($AO$5:$AO$1004,"<"&$AO15)-(ROWS($AO$5:$AO$1004)-Hoje!$L$5)+1) | AQ15: =IF(AND($F15<>"",$D15=Frota!$C$3),1,0) -> 0 | AR15: =IF($AQ15=0,"",SUM($AQ$4:$AQ15)) | AS15: =IFERROR(INDEX(Hoje!$K$10:$K$29,MATCH(ROW(),Hoje!$J$10:$J$29,0)),"") | AT15: =IF($Q15<>"",$Q15,$AS15) -> 46260
A16: =IF($F16="","",ROW()) -> 16 | B16: =IF($F16="",IF($D16="","","Falta a atividade"),IF($R16="Cancelada","Cancelada",IF($AB16=1,IF(N($Z16)>0,"Concluída com atraso","Concluída"),IF($R16="Em programação","Em programação",IF($O16="",IF($M16="","Na carteira","Falta a semana"),IF($AC16=1,"VENCIDA",IF($O16>Hoje!$L$1,"Programada",IF($P16>Hoje!$L$1,"Em execução","Fecha hoje")))))))) -> Concluída | C16: 021447 | D16: F-327 | E16: baixa de carteira | F16: Fixar banco do passageiro LD | G16: Corretiva | H16: Extra | I16: Adilton | J16: Gabriel | L16: 36 | M16: Seg | N16: 2 | O16: =IF(OR($L16="",$M16=""),"",(DATE(Semana!$J$3,1,4)-WEEKDAY(DATE(Semana!$J$3,1,4),3))+($L16-1)*7+MATCH($M16,Listas!$F$5:$F$11,0)-1) -> 46265 | P16: =IF(OR($F16="",$O16=""),"",$O16+MAX(0,ROUNDUP($AK16*MAX(1,IF($N16="",1,$N16))/MAX(1,$AL16),0)-1)) -> 46265 | Q16: 46265 | R16: Concluída | S16: 35 | T16: Mudou a prioridade | U16: serviço interno Matriz | V16: =IF($F16="","",IF(ISNUMBER(SEARCH("(externo)",$I16&$J16&$K16)),"Terceirizada","Interna")) -> Interna | W16: =IF($O16="","",IF($S16="",$O16,(DATE(Semana!$J$3,1,4)-WEEKDAY(DATE(Semana!$J$3,1,4),3))+($S16-1)*7+IF($M16="",0,MATCH($M16,Listas!$F$5:$F$11,0)-1))) -> 46258 | X16: =IF($F16="","",IF(OR($AT16="",$O16=""),0,IF($AT16<=$O16,1,0))) -> 1 | Y16: =IF($F16="","",IF(OR($AT16="",$W16=""),0,IF($AT16<=$W16,1,0))) -> 0 | Z16: =IF(OR($AT16="",$O16=""),"",MAX(0,$AT16-$O16)) -> 0 | AA16: =IF($F16="","",IF(AND($S16<>"",$L16<>"",$S16<>$L16),1,0)) -> 1 | AB16: =IF($F16="","",IF($R16="Cancelada",0,IF(OR($AT16<>"",$R16="Concluída"),1,0))) -> 1 | AC16: =IF($P16="",0,IF($P16<Hoje!$L$1,1,IF(AND($P16=Hoje!$L$1,Hoje!$L$2>Semana!$M$3),1,0))) -> 1 | AD16: =IF($F16="","",IF(COUNTA($I16:$K16)=0,0,1/COUNTA($I16:$K16))) -> 0.5 | AE16: =IF($AH16=0,"",SUM($AH$4:$AH16)) | AF16: =IF($AI16=0,"",SUM($AI$4:$AI16)) | AG16: =IF($F16="","",$I16&IF($J16="",""," · "&$J16)&IF($K16="",""," · "&$K16)) -> Adilton · Gabriel | AH16: =IF(AND($F16<>"",$O16<>"",$O16<=Hoje!$C$3,$P16>=Hoje!$C$3,$R16<>"Cancelada"),1,0) -> 0 | AI16: =IF(AND($F16<>"",$P16<>"",$P16<Hoje!$C$3,$AB16=0,$R16<>"Cancelada"),1,0) -> 0 | AJ16: =IF($F16="","",$D16&"|"&$E16&"|"&$L16) -> F-327|baixa de carteira|36 | AK16: =IF($AJ16="","",COUNTIF($AJ$4:$AJ16,$AJ16)) -> 4 | AL16: =IF($AJ16="","",COUNTIF($AJ$4:$AJ$1004,$AJ16)) -> 8 | AN16: =IF($D16="","",IFERROR(T(VLOOKUP($D16,Listas!$B$5:$H$120,7,0)),"")) | AO16: =IF(OR($F16="",$L16<>"",$R16="Cancelada",$AT16<>""),"",$AN16&"|"&$D16&"|"&IF($C16="","zzz",$C16)&"|"&TEXT(16,"0000")) | AP16: =IF($AO16="","",COUNTIF($AO$5:$AO$1004,"<"&$AO16)-(ROWS($AO$5:$AO$1004)-Hoje!$L$5)+1) | AQ16: =IF(AND($F16<>"",$D16=Frota!$C$3),1,0) -> 0 | AR16: =IF($AQ16=0,"",SUM($AQ$4:$AQ16)) | AS16: =IFERROR(INDEX(Hoje!$K$10:$K$29,MATCH(ROW(),Hoje!$J$10:$J$29,0)),"") | AT16: =IF($Q16<>"",$Q16,$AS16) -> 46265
A17: =IF($F17="","",ROW()) -> 17 | B17: =IF($F17="",IF($D17="","","Falta a atividade"),IF($R17="Cancelada","Cancelada",IF($AB17=1,IF(N($Z17)>0,"Concluída com atraso","Concluída"),IF($R17="Em programação","Em programação",IF($O17="",IF($M17="","Na carteira","Falta a semana"),IF($AC17=1,"VENCIDA",IF($O17>Hoje!$L$1,"Programada",IF($P17>Hoje!$L$1,"Em execução","Fecha hoje")))))))) -> Concluída | C17: 021448 | D17: F-327 | E17: baixa de carteira | F17: Corrigir empeno do aro segundo eixo LD | G17: Corretiva | H17: Extra | I17: Adilton | J17: Gabriel | L17: 36 | M17: Seg | N17: 2 | O17: =IF(OR($L17="",$M17=""),"",(DATE(Semana!$J$3,1,4)-WEEKDAY(DATE(Semana!$J$3,1,4),3))+($L17-1)*7+MATCH($M17,Listas!$F$5:$F$11,0)-1) -> 46265 | P17: =IF(OR($F17="",$O17=""),"",$O17+MAX(0,ROUNDUP($AK17*MAX(1,IF($N17="",1,$N17))/MAX(1,$AL17),0)-1)) -> 46266 | Q17: 46265 | R17: Concluída | S17: 35 | T17: Mudou a prioridade | U17: serviço interno Matriz | V17: =IF($F17="","",IF(ISNUMBER(SEARCH("(externo)",$I17&$J17&$K17)),"Terceirizada","Interna")) -> Interna | W17: =IF($O17="","",IF($S17="",$O17,(DATE(Semana!$J$3,1,4)-WEEKDAY(DATE(Semana!$J$3,1,4),3))+($S17-1)*7+IF($M17="",0,MATCH($M17,Listas!$F$5:$F$11,0)-1))) -> 46258 | X17: =IF($F17="","",IF(OR($AT17="",$O17=""),0,IF($AT17<=$O17,1,0))) -> 1 | Y17: =IF($F17="","",IF(OR($AT17="",$W17=""),0,IF($AT17<=$W17,1,0))) -> 0 | Z17: =IF(OR($AT17="",$O17=""),"",MAX(0,$AT17-$O17)) -> 0 | AA17: =IF($F17="","",IF(AND($S17<>"",$L17<>"",$S17<>$L17),1,0)) -> 1 | AB17: =IF($F17="","",IF($R17="Cancelada",0,IF(OR($AT17<>"",$R17="Concluída"),1,0))) -> 1 | AC17: =IF($P17="",0,IF($P17<Hoje!$L$1,1,IF(AND($P17=Hoje!$L$1,Hoje!$L$2>Semana!$M$3),1,0))) -> 1 | AD17: =IF($F17="","",IF(COUNTA($I17:$K17)=0,0,1/COUNTA($I17:$K17))) -> 0.5 | AE17: =IF($AH17=0,"",SUM($AH$4:$AH17)) | AF17: =IF($AI17=0,"",SUM($AI$4:$AI17)) | AG17: =IF($F17="","",$I17&IF($J17="",""," · "&$J17)&IF($K17="",""," · "&$K17)) -> Adilton · Gabriel | AH17: =IF(AND($F17<>"",$O17<>"",$O17<=Hoje!$C$3,$P17>=Hoje!$C$3,$R17<>"Cancelada"),1,0) -> 0 | AI17: =IF(AND($F17<>"",$P17<>"",$P17<Hoje!$C$3,$AB17=0,$R17<>"Cancelada"),1,0) -> 0 | AJ17: =IF($F17="","",$D17&"|"&$E17&"|"&$L17) -> F-327|baixa de carteira|36 | AK17: =IF($AJ17="","",COUNTIF($AJ$4:$AJ17,$AJ17)) -> 5 | AL17: =IF($AJ17="","",COUNTIF($AJ$4:$AJ$1004,$AJ17)) -> 8 | AN17: =IF($D17="","",IFERROR(T(VLOOKUP($D17,Listas!$B$5:$H$120,7,0)),"")) | AO17: =IF(OR($F17="",$L17<>"",$R17="Cancelada",$AT17<>""),"",$AN17&"|"&$D17&"|"&IF($C17="","zzz",$C17)&"|"&TEXT(17,"0000")) | AP17: =IF($AO17="","",COUNTIF($AO$5:$AO$1004,"<"&$AO17)-(ROWS($AO$5:$AO$1004)-Hoje!$L$5)+1) | AQ17: =IF(AND($F17<>"",$D17=Frota!$C$3),1,0) -> 0 | AR17: =IF($AQ17=0,"",SUM($AQ$4:$AQ17)) | AS17: =IFERROR(INDEX(Hoje!$K$10:$K$29,MATCH(ROW(),Hoje!$J$10:$J$29,0)),"") | AT17: =IF($Q17<>"",$Q17,$AS17) -> 46265
A18: =IF($F18="","",ROW()) -> 18 | B18: =IF($F18="",IF($D18="","","Falta a atividade"),IF($R18="Cancelada","Cancelada",IF($AB18=1,IF(N($Z18)>0,"Concluída com atraso","Concluída"),IF($R18="Em programação","Em programação",IF($O18="",IF($M18="","Na carteira","Falta a semana"),IF($AC18=1,"VENCIDA",IF($O18>Hoje!$L$1,"Programada",IF($P18>Hoje!$L$1,"Em execução","Fecha hoje")))))))) -> Concluída | C18: 021451 | D18: F-327 | E18: baixa de carteira | F18: Substituir juntas do escapamento gastas | G18: Corretiva | H18: Extra | I18: Adilton | J18: Gabriel | L18: 36 | M18: Seg | N18: 2 | O18: =IF(OR($L18="",$M18=""),"",(DATE(Semana!$J$3,1,4)-WEEKDAY(DATE(Semana!$J$3,1,4),3))+($L18-1)*7+MATCH($M18,Listas!$F$5:$F$11,0)-1) -> 46265 | P18: =IF(OR($F18="",$O18=""),"",$O18+MAX(0,ROUNDUP($AK18*MAX(1,IF($N18="",1,$N18))/MAX(1,$AL18),0)-1)) -> 46266 | Q18: 46265 | R18: Concluída | S18: 35 | T18: Mudou a prioridade | U18: Serviço interno Matriz · peça 20855371 (6 unidades) · realizar acompanhamento | V18: =IF($F18="","",IF(ISNUMBER(SEARCH("(externo)",$I18&$J18&$K18)),"Terceirizada","Interna")) -> Interna | W18: =IF($O18="","",IF($S18="",$O18,(DATE(Semana!$J$3,1,4)-WEEKDAY(DATE(Semana!$J$3,1,4),3))+($S18-1)*7+IF($M18="",0,MATCH($M18,Listas!$F$5:$F$11,0)-1))) -> 46258 | X18: =IF($F18="","",IF(OR($AT18="",$O18=""),0,IF($AT18<=$O18,1,0))) -> 1 | Y18: =IF($F18="","",IF(OR($AT18="",$W18=""),0,IF($AT18<=$W18,1,0))) -> 0 | Z18: =IF(OR($AT18="",$O18=""),"",MAX(0,$AT18-$O18)) -> 0 | AA18: =IF($F18="","",IF(AND($S18<>"",$L18<>"",$S18<>$L18),1,0)) -> 1 | AB18: =IF($F18="","",IF($R18="Cancelada",0,IF(OR($AT18<>"",$R18="Concluída"),1,0))) -> 1 | AC18: =IF($P18="",0,IF($P18<Hoje!$L$1,1,IF(AND($P18=Hoje!$L$1,Hoje!$L$2>Semana!$M$3),1,0))) -> 1 | AD18: =IF($F18="","",IF(COUNTA($I18:$K18)=0,0,1/COUNTA($I18:$K18))) -> 0.5 | AE18: =IF($AH18=0,"",SUM($AH$4:$AH18)) | AF18: =IF($AI18=0,"",SUM($AI$4:$AI18)) | AG18: =IF($F18="","",$I18&IF($J18="",""," · "&$J18)&IF($K18="",""," · "&$K18)) -> Adilton · Gabriel | AH18: =IF(AND($F18<>"",$O18<>"",$O18<=Hoje!$C$3,$P18>=Hoje!$C$3,$R18<>"Cancelada"),1,0) -> 0 | AI18: =IF(AND($F18<>"",$P18<>"",$P18<Hoje!$C$3,$AB18=0,$R18<>"Cancelada"),1,0) -> 0 | AJ18: =IF($F18="","",$D18&"|"&$E18&"|"&$L18) -> F-327|baixa de carteira|36 | AK18: =IF($AJ18="","",COUNTIF($AJ$4:$AJ18,$AJ18)) -> 6 | AL18: =IF($AJ18="","",COUNTIF($AJ$4:$AJ$1004,$AJ18)) -> 8 | AN18: =IF($D18="","",IFERROR(T(VLOOKUP($D18,Listas!$B$5:$H$120,7,0)),"")) | AO18: =IF(OR($F18="",$L18<>"",$R18="Cancelada",$AT18<>""),"",$AN18&"|"&$D18&"|"&IF($C18="","zzz",$C18)&"|"&TEXT(18,"0000")) | AP18: =IF($AO18="","",COUNTIF($AO$5:$AO$1004,"<"&$AO18)-(ROWS($AO$5:$AO$1004)-Hoje!$L$5)+1) | AQ18: =IF(AND($F18<>"",$D18=Frota!$C$3),1,0) -> 0 | AR18: =IF($AQ18=0,"",SUM($AQ$4:$AQ18)) | AS18: =IFERROR(INDEX(Hoje!$K$10:$K$29,MATCH(ROW(),Hoje!$J$10:$J$29,0)),"") | AT18: =IF($Q18<>"",$Q18,$AS18) -> 46265
A19: =IF($F19="","",ROW()) -> 19 | B19: =IF($F19="",IF($D19="","","Falta a atividade"),IF($R19="Cancelada","Cancelada",IF($AB19=1,IF(N($Z19)>0,"Concluída com atraso","Concluída"),IF($R19="Em programação","Em programação",IF($O19="",IF($M19="","Na carteira","Falta a semana"),IF($AC19=1,"VENCIDA",IF($O19>Hoje!$L$1,"Programada",IF($P19>Hoje!$L$1,"Em execução","Fecha hoje")))))))) -> Concluída | C19: 021456 | D19: F-327 | E19: baixa de carteira | F19: Substituir estribo da cabine LD | G19: Corretiva | H19: Extra | I19: Adilton | J19: Gabriel | L19: 36 | M19: Seg | N19: 2 | O19: =IF(OR($L19="",$M19=""),"",(DATE(Semana!$J$3,1,4)-WEEKDAY(DATE(Semana!$J$3,1,4),3))+($L19-1)*7+MATCH($M19,Listas!$F$5:$F$11,0)-1) -> 46265 | P19: =IF(OR($F19="",$O19=""),"",$O19+MAX(0,ROUNDUP($AK19*MAX(1,IF($N19="",1,$N19))/MAX(1,$AL19),0)-1)) -> 46266 | Q19: 46265 | R19: Concluída | S19: 35 | T19: Mudou a prioridade | U19: 3175928/realizar acompanhamento | V19: =IF($F19="","",IF(ISNUMBER(SEARCH("(externo)",$I19&$J19&$K19)),"Terceirizada","Interna")) -> Interna | W19: =IF($O19="","",IF($S19="",$O19,(DATE(Semana!$J$3,1,4)-WEEKDAY(DATE(Semana!$J$3,1,4),3))+($S19-1)*7+IF($M19="",0,MATCH($M19,Listas!$F$5:$F$11,0)-1))) -> 46258 | X19: =IF($F19="","",IF(OR($AT19="",$O19=""),0,IF($AT19<=$O19,1,0))) -> 1 | Y19: =IF($F19="","",IF(OR($AT19="",$W19=""),0,IF($AT19<=$W19,1,0))) -> 0 | Z19: =IF(OR($AT19="",$O19=""),"",MAX(0,$AT19-$O19)) -> 0 | AA19: =IF($F19="","",IF(AND($S19<>"",$L19<>"",$S19<>$L19),1,0)) -> 1 | AB19: =IF($F19="","",IF($R19="Cancelada",0,IF(OR($AT19<>"",$R19="Concluída"),1,0))) -> 1 | AC19: =IF($P19="",0,IF($P19<Hoje!$L$1,1,IF(AND($P19=Hoje!$L$1,Hoje!$L$2>Semana!$M$3),1,0))) -> 1 | AD19: =IF($F19="","",IF(COUNTA($I19:$K19)=0,0,1/COUNTA($I19:$K19))) -> 0.5 | AE19: =IF($AH19=0,"",SUM($AH$4:$AH19)) | AF19: =IF($AI19=0,"",SUM($AI$4:$AI19)) | AG19: =IF($F19="","",$I19&IF($J19="",""," · "&$J19)&IF($K19="",""," · "&$K19)) -> Adilton · Gabriel | AH19: =IF(AND($F19<>"",$O19<>"",$O19<=Hoje!$C$3,$P19>=Hoje!$C$3,$R19<>"Cancelada"),1,0) -> 0 | AI19: =IF(AND($F19<>"",$P19<>"",$P19<Hoje!$C$3,$AB19=0,$R19<>"Cancelada"),1,0) -> 0 | AJ19: =IF($F19="","",$D19&"|"&$E19&"|"&$L19) -> F-327|baixa de carteira|36 | AK19: =IF($AJ19="","",COUNTIF($AJ$4:$AJ19,$AJ19)) -> 7 | AL19: =IF($AJ19="","",COUNTIF($AJ$4:$AJ$1004,$AJ19)) -> 8 | AN19: =IF($D19="","",IFERROR(T(VLOOKUP($D19,Listas!$B$5:$H$120,7,0)),"")) | AO19: =IF(OR($F19="",$L19<>"",$R19="Cancelada",$AT19<>""),"",$AN19&"|"&$D19&"|"&IF($C19="","zzz",$C19)&"|"&TEXT(19,"0000")) | AP19: =IF($AO19="","",COUNTIF($AO$5:$AO$1004,"<"&$AO19)-(ROWS($AO$5:$AO$1004)-Hoje!$L$5)+1) | AQ19: =IF(AND($F19<>"",$D19=Frota!$C$3),1,0) -> 0 | AR19: =IF($AQ19=0,"",SUM($AQ$4:$AQ19)) | AS19: =IFERROR(INDEX(Hoje!$K$10:$K$29,MATCH(ROW(),Hoje!$J$10:$J$29,0)),"") | AT19: =IF($Q19<>"",$Q19,$AS19) -> 46265
A20: =IF($F20="","",ROW()) -> 20 | B20: =IF($F20="",IF($D20="","","Falta a atividade"),IF($R20="Cancelada","Cancelada",IF($AB20=1,IF(N($Z20)>0,"Concluída com atraso","Concluída"),IF($R20="Em programação","Em programação",IF($O20="",IF($M20="","Na carteira","Falta a semana"),IF($AC20=1,"VENCIDA",IF($O20>Hoje!$L$1,"Programada",IF($P20>Hoje!$L$1,"Em execução","Fecha hoje")))))))) -> Concluída | C20: 021339 | D20: F-327 | E20: Montar adesivos e baixa de carteira | F20: Substituir para-sol avariado | G20: Corretiva | H20: Programada | I20: Júnior | L20: 35 | M20: Qua | N20: 3 | O20: =IF(OR($L20="",$M20=""),"",(DATE(Semana!$J$3,1,4)-WEEKDAY(DATE(Semana!$J$3,1,4),3))+($L20-1)*7+MATCH($M20,Listas!$F$5:$F$11,0)-1) -> 46260 | P20: =IF(OR($F20="",$O20=""),"",$O20+MAX(0,ROUNDUP($AK20*MAX(1,IF($N20="",1,$N20))/MAX(1,$AL20),0)-1)) -> 46262 | Q20: 46260 | R20: Concluída | U20: 82245535 | V20: =IF($F20="","",IF(ISNUMBER(SEARCH("(externo)",$I20&$J20&$K20)),"Terceirizada","Interna")) -> Interna | W20: =IF($O20="","",IF($S20="",$O20,(DATE(Semana!$J$3,1,4)-WEEKDAY(DATE(Semana!$J$3,1,4),3))+($S20-1)*7+IF($M20="",0,MATCH($M20,Listas!$F$5:$F$11,0)-1))) -> 46260 | X20: =IF($F20="","",IF(OR($AT20="",$O20=""),0,IF($AT20<=$O20,1,0))) -> 1 | Y20: =IF($F20="","",IF(OR($AT20="",$W20=""),0,IF($AT20<=$W20,1,0))) -> 1 | Z20: =IF(OR($AT20="",$O20=""),"",MAX(0,$AT20-$O20)) -> 0 | AA20: =IF($F20="","",IF(AND($S20<>"",$L20<>"",$S20<>$L20),1,0)) -> 0 | AB20: =IF($F20="","",IF($R20="Cancelada",0,IF(OR($AT20<>"",$R20="Concluída"),1,0))) -> 1 | AC20: =IF($P20="",0,IF($P20<Hoje!$L$1,1,IF(AND($P20=Hoje!$L$1,Hoje!$L$2>Semana!$M$3),1,0))) -> 1 | AD20: =IF($F20="","",IF(COUNTA($I20:$K20)=0,0,1/COUNTA($I20:$K20))) -> 1 | AE20: =IF($AH20=0,"",SUM($AH$4:$AH20)) | AF20: =IF($AI20=0,"",SUM($AI$4:$AI20)) | AG20: =IF($F20="","",$I20&IF($J20="",""," · "&$J20)&IF($K20="",""," · "&$K20)) -> Júnior | AH20: =IF(AND($F20<>"",$O20<>"",$O20<=Hoje!$C$3,$P20>=Hoje!$C$3,$R20<>"Cancelada"),1,0) -> 0 | AI20: =IF(AND($F20<>"",$P20<>"",$P20<Hoje!$C$3,$AB20=0,$R20<>"Cancelada"),1,0) -> 0 | AJ20: =IF($F20="","",$D20&"|"&$E20&"|"&$L20) -> F-327|Montar adesivos e baixa de carteira|35 | AK20: =IF($AJ20="","",COUNTIF($AJ$4:$AJ20,$AJ20)) -> 4 | AL20: =IF($AJ20="","",COUNTIF($AJ$4:$AJ$1004,$AJ20)) -> 4 | AN20: =IF($D20="","",IFERROR(T(VLOOKUP($D20,Listas!$B$5:$H$120,7,0)),"")) | AO20: =IF(OR($F20="",$L20<>"",$R20="Cancelada",$AT20<>""),"",$AN20&"|"&$D20&"|"&IF($C20="","zzz",$C20)&"|"&TEXT(20,"0000")) | AP20: =IF($AO20="","",COUNTIF($AO$5:$AO$1004,"<"&$AO20)-(ROWS($AO$5:$AO$1004)-Hoje!$L$5)+1) | AQ20: =IF(AND($F20<>"",$D20=Frota!$C$3),1,0) -> 0 | AR20: =IF($AQ20=0,"",SUM($AQ$4:$AQ20)) | AS20: =IFERROR(INDEX(Hoje!$K$10:$K$29,MATCH(ROW(),Hoje!$J$10:$J$29,0)),"") | AT20: =IF($Q20<>"",$Q20,$AS20) -> 46260
A21: =IF($F21="","",ROW()) -> 21 | B21: =IF($F21="",IF($D21="","","Falta a atividade"),IF($R21="Cancelada","Cancelada",IF($AB21=1,IF(N($Z21)>0,"Concluída com atraso","Concluída"),IF($R21="Em programação","Em programação",IF($O21="",IF($M21="","Na carteira","Falta a semana"),IF($AC21=1,"VENCIDA",IF($O21>Hoje!$L$1,"Programada",IF($P21>Hoje!$L$1,"Em execução","Fecha hoje")))))))) -> Concluída | D21: F-327 | E21: baixa de carteira | F21: Repor acabamento do cinto do banco do motorista | G21: Corretiva | H21: Programada | I21: Júnior | L21: 36 | M21: Ter | N21: 2 | O21: =IF(OR($L21="",$M21=""),"",(DATE(Semana!$J$3,1,4)-WEEKDAY(DATE(Semana!$J$3,1,4),3))+($L21-1)*7+MATCH($M21,Listas!$F$5:$F$11,0)-1) -> 46266 | P21: =IF(OR($F21="",$O21=""),"",$O21+MAX(0,ROUNDUP($AK21*MAX(1,IF($N21="",1,$N21))/MAX(1,$AL21),0)-1)) -> 46267 | Q21: 46266 | R21: Concluída | S21: 35 | T21: Peça não chegou | U21: Aguardando material · 0586501 | V21: =IF($F21="","",IF(ISNUMBER(SEARCH("(externo)",$I21&$J21&$K21)),"Terceirizada","Interna")) -> Interna | W21: =IF($O21="","",IF($S21="",$O21,(DATE(Semana!$J$3,1,4)-WEEKDAY(DATE(Semana!$J$3,1,4),3))+($S21-1)*7+IF($M21="",0,MATCH($M21,Listas!$F$5:$F$11,0)-1))) -> 46259 | X21: =IF($F21="","",IF(OR($AT21="",$O21=""),0,IF($AT21<=$O21,1,0))) -> 1 | Y21: =IF($F21="","",IF(OR($AT21="",$W21=""),0,IF($AT21<=$W21,1,0))) -> 0 | Z21: =IF(OR($AT21="",$O21=""),"",MAX(0,$AT21-$O21)) -> 0 | AA21: =IF($F21="","",IF(AND($S21<>"",$L21<>"",$S21<>$L21),1,0)) -> 1 | AB21: =IF($F21="","",IF($R21="Cancelada",0,IF(OR($AT21<>"",$R21="Concluída"),1,0))) -> 1 | AC21: =IF($P21="",0,IF($P21<Hoje!$L$1,1,IF(AND($P21=Hoje!$L$1,Hoje!$L$2>Semana!$M$3),1,0))) -> 1 | AD21: =IF($F21="","",IF(COUNTA($I21:$K21)=0,0,1/COUNTA($I21:$K21))) -> 1 | AE21: =IF($AH21=0,"",SUM($AH$4:$AH21)) | AF21: =IF($AI21=0,"",SUM($AI$4:$AI21)) | AG21: =IF($F21="","",$I21&IF($J21="",""," · "&$J21)&IF($K21="",""," · "&$K21)) -> Júnior | AH21: =IF(AND($F21<>"",$O21<>"",$O21<=Hoje!$C$3,$P21>=Hoje!$C$3,$R21<>"Cancelada"),1,0) -> 0 | AI21: =IF(AND($F21<>"",$P21<>"",$P21<Hoje!$C$3,$AB21=0,$R21<>"Cancelada"),1,0) -> 0 | AJ21: =IF($F21="","",$D21&"|"&$E21&"|"&$L21) -> F-327|baixa de carteira|36 | AK21: =IF($AJ21="","",COUNTIF($AJ$4:$AJ21,$AJ21)) -> 8 | AL21: =IF($AJ21="","",COUNTIF($AJ$4:$AJ$1004,$AJ21)) -> 8 | AN21: =IF($D21="","",IFERROR(T(VLOOKUP($D21,Listas!$B$5:$H$120,7,0)),"")) | AO21: =IF(OR($F21="",$L21<>"",$R21="Cancelada",$AT21<>""),"",$AN21&"|"&$D21&"|"&IF($C21="","zzz",$C21)&"|"&TEXT(21,"0000")) | AP21: =IF($AO21="","",COUNTIF($AO$5:$AO$1004,"<"&$AO21)-(ROWS($AO$5:$AO$1004)-Hoje!$L$5)+1) | AQ21: =IF(AND($F21<>"",$D21=Frota!$C$3),1,0) -> 0 | AR21: =IF($AQ21=0,"",SUM($AQ$4:$AQ21)) | AS21: =IFERROR(INDEX(Hoje!$K$10:$K$29,MATCH(ROW(),Hoje!$J$10:$J$29,0)),"") | AT21: =IF($Q21<>"",$Q21,$AS21) -> 46266
A22: =IF($F22="","",ROW()) -> 22 | B22: =IF($F22="",IF($D22="","","Falta a atividade"),IF($R22="Cancelada","Cancelada",IF($AB22=1,IF(N($Z22)>0,"Concluída com atraso","Concluída"),IF($R22="Em programação","Em programação",IF($O22="",IF($M22="","Na carteira","Falta a semana"),IF($AC22=1,"VENCIDA",IF($O22>Hoje!$L$1,"Programada",IF($P22>Hoje!$L$1,"Em execução","Fecha hoje")))))))) -> Concluída | C22: 021301 | D22: F-331 | E22: Preventiva | F22: Trocar óleo e filtro | G22: Preventiva | H22: Programada | I22: Adilton | J22: Gabriel | L22: 36 | M22: Seg | N22: 3 | O22: =IF(OR($L22="",$M22=""),"",(DATE(Semana!$J$3,1,4)-WEEKDAY(DATE(Semana!$J$3,1,4),3))+($L22-1)*7+MATCH($M22,Listas!$F$5:$F$11,0)-1) -> 46265 | P22: =IF(OR($F22="",$O22=""),"",$O22+MAX(0,ROUNDUP($AK22*MAX(1,IF($N22="",1,$N22))/MAX(1,$AL22),0)-1)) -> 46265 | Q22: 46262 | S22: 35 | T22: Serviço maior que o previsto | U22: Reprogramada por conta de box bloqueado por conta de guindaste | V22: =IF($F22="","",IF(ISNUMBER(SEARCH("(externo)",$I22&$J22&$K22)),"Terceirizada","Interna")) -> Interna | W22: =IF($O22="","",IF($S22="",$O22,(DATE(Semana!$J$3,1,4)-WEEKDAY(DATE(Semana!$J$3,1,4),3))+($S22-1)*7+IF($M22="",0,MATCH($M22,Listas!$F$5:$F$11,0)-1))) -> 46258 | X22: =IF($F22="","",IF(OR($AT22="",$O22=""),0,IF($AT22<=$O22,1,0))) -> 1 | Y22: =IF($F22="","",IF(OR($AT22="",$W22=""),0,IF($AT22<=$W22,1,0))) -> 0 | Z22: =IF(OR($AT22="",$O22=""),"",MAX(0,$AT22-$O22)) -> 0 | AA22: =IF($F22="","",IF(AND($S22<>"",$L22<>"",$S22<>$L22),1,0)) -> 1 | AB22: =IF($F22="","",IF($R22="Cancelada",0,IF(OR($AT22<>"",$R22="Concluída"),1,0))) -> 1 | AC22: =IF($P22="",0,IF($P22<Hoje!$L$1,1,IF(AND($P22=Hoje!$L$1,Hoje!$L$2>Semana!$M$3),1,0))) -> 1 | AD22: =IF($F22="","",IF(COUNTA($I22:$K22)=0,0,1/COUNTA($I22:$K22))) -> 0.5 | AE22: =IF($AH22=0,"",SUM($AH$4:$AH22)) | AF22: =IF($AI22=0,"",SUM($AI$4:$AI22)) | AG22: =IF($F22="","",$I22&IF($J22="",""," · "&$J22)&IF($K22="",""," · "&$K22)) -> Adilton · Gabriel | AH22: =IF(AND($F22<>"",$O22<>"",$O22<=Hoje!$C$3,$P22>=Hoje!$C$3,$R22<>"Cancelada"),1,0) -> 0 | AI22: =IF(AND($F22<>"",$P22<>"",$P22<Hoje!$C$3,$AB22=0,$R22<>"Cancelada"),1,0) -> 0 | AJ22: =IF($F22="","",$D22&"|"&$E22&"|"&$L22) -> F-331|Preventiva|36 | AK22: =IF($AJ22="","",COUNTIF($AJ$4:$AJ22,$AJ22)) -> 1 | AL22: =IF($AJ22="","",COUNTIF($AJ$4:$AJ$1004,$AJ22)) -> 16 | AN22: =IF($D22="","",IFERROR(T(VLOOKUP($D22,Listas!$B$5:$H$120,7,0)),"")) | AO22: =IF(OR($F22="",$L22<>"",$R22="Cancelada",$AT22<>""),"",$AN22&"|"&$D22&"|"&IF($C22="","zzz",$C22)&"|"&TEXT(22,"0000")) | AP22: =IF($AO22="","",COUNTIF($AO$5:$AO$1004,"<"&$AO22)-(ROWS($AO$5:$AO$1004)-Hoje!$L$5)+1) | AQ22: =IF(AND($F22<>"",$D22=Frota!$C$3),1,0) -> 0 | AR22: =IF($AQ22=0,"",SUM($AQ$4:$AQ22)) | AS22: =IFERROR(INDEX(Hoje!$K$10:$K$29,MATCH(ROW(),Hoje!$J$10:$J$29,0)),"") | AT22: =IF($Q22<>"",$Q22,$AS22) -> 46262
A23: =IF($F23="","",ROW()) -> 23 | B23: =IF($F23="",IF($D23="","","Falta a atividade"),IF($R23="Cancelada","Cancelada",IF($AB23=1,IF(N($Z23)>0,"Concluída com atraso","Concluída"),IF($R23="Em programação","Em programação",IF($O23="",IF($M23="","Na carteira","Falta a semana"),IF($AC23=1,"VENCIDA",IF($O23>Hoje!$L$1,"Programada",IF($P23>Hoje!$L$1,"Em execução","Fecha hoje")))))))) -> Concluída | C23: 021301 | D23: F-331 | E23: Preventiva | F23: Diagnosticar e corrigir falha no sistema do motor: temperatura dos gases de escape | G23: Preventiva | H23: Programada | I23: Adilton | J23: Gabriel | L23: 36 | M23: Seg | N23: 3 | O23: =IF(OR($L23="",$M23=""),"",(DATE(Semana!$J$3,1,4)-WEEKDAY(DATE(Semana!$J$3,1,4),3))+($L23-1)*7+MATCH($M23,Listas!$F$5:$F$11,0)-1) -> 46265 | P23: =IF(OR($F23="",$O23=""),"",$O23+MAX(0,ROUNDUP($AK23*MAX(1,IF($N23="",1,$N23))/MAX(1,$AL23),0)-1)) -> 46265 | Q23: 46265 | R23: Concluída | S23: 35 | U23: Reprogramada por conta de box bloqueado por conta de guindaste · serviço interno base Mossoró | V23: =IF($F23="","",IF(ISNUMBER(SEARCH("(externo)",$I23&$J23&$K23)),"Terceirizada","Interna")) -> Interna | W23: =IF($O23="","",IF($S23="",$O23,(DATE(Semana!$J$3,1,4)-WEEKDAY(DATE(Semana!$J$3,1,4),3))+($S23-1)*7+IF($M23="",0,MATCH($M23,Listas!$F$5:$F$11,0)-1))) -> 46258 | X23: =IF($F23="","",IF(OR($AT23="",$O23=""),0,IF($AT23<=$O23,1,0))) -> 1 | Y23: =IF($F23="","",IF(OR($AT23="",$W23=""),0,IF($AT23<=$W23,1,0))) -> 0 | Z23: =IF(OR($AT23="",$O23=""),"",MAX(0,$AT23-$O23)) -> 0 | AA23: =IF($F23="","",IF(AND($S23<>"",$L23<>"",$S23<>$L23),1,0)) -> 1 | AB23: =IF($F23="","",IF($R23="Cancelada",0,IF(OR($AT23<>"",$R23="Concluída"),1,0))) -> 1 | AC23: =IF($P23="",0,IF($P23<Hoje!$L$1,1,IF(AND($P23=Hoje!$L$1,Hoje!$L$2>Semana!$M$3),1,0))) -> 1 | AD23: =IF($F23="","",IF(COUNTA($I23:$K23)=0,0,1/COUNTA($I23:$K23))) -> 0.5 | AE23: =IF($AH23=0,"",SUM($AH$4:$AH23)) | AF23: =IF($AI23=0,"",SUM($AI$4:$AI23)) | AG23: =IF($F23="","",$I23&IF($J23="",""," · "&$J23)&IF($K23="",""," · "&$K23)) -> Adilton · Gabriel | AH23: =IF(AND($F23<>"",$O23<>"",$O23<=Hoje!$C$3,$P23>=Hoje!$C$3,$R23<>"Cancelada"),1,0) -> 0 | AI23: =IF(AND($F23<>"",$P23<>"",$P23<Hoje!$C$3,$AB23=0,$R23<>"Cancelada"),1,0) -> 0 | AJ23: =IF($F23="","",$D23&"|"&$E23&"|"&$L23) -> F-331|Preventiva|36 | AK23: =IF($AJ23="","",COUNTIF($AJ$4:$AJ23,$AJ23)) -> 2 | AL23: =IF($AJ23="","",COUNTIF($AJ$4:$AJ$1004,$AJ23)) -> 16 | AN23: =IF($D23="","",IFERROR(T(VLOOKUP($D23,Listas!$B$5:$H$120,7,0)),"")) | AO23: =IF(OR($F23="",$L23<>"",$R23="Cancelada",$AT23<>""),"",$AN23&"|"&$D23&"|"&IF($C23="","zzz",$C23)&"|"&TEXT(23,"0000")) | AP23: =IF($AO23="","",COUNTIF($AO$5:$AO$1004,"<"&$AO23)-(ROWS($AO$5:$AO$1004)-Hoje!$L$5)+1) | AQ23: =IF(AND($F23<>"",$D23=Frota!$C$3),1,0) -> 0 | AR23: =IF($AQ23=0,"",SUM($AQ$4:$AQ23)) | AS23: =IFERROR(INDEX(Hoje!$K$10:$K$29,MATCH(ROW(),Hoje!$J$10:$J$29,0)),"") | AT23: =IF($Q23<>"",$Q23,$AS23) -> 46265
A24: =IF($F24="","",ROW()) -> 24 | B24: =IF($F24="",IF($D24="","","Falta a atividade"),IF($R24="Cancelada","Cancelada",IF($AB24=1,IF(N($Z24)>0,"Concluída com atraso","Concluída"),IF($R24="Em programação","Em programação",IF($O24="",IF($M24="","Na carteira","Falta a semana"),IF($AC24=1,"VENCIDA",IF($O24>Hoje!$L$1,"Programada",IF($P24>Hoje!$L$1,"Em execução","Fecha hoje")))))))) -> Concluída | C24: 021301 | D24: F-331 | E24: Preventiva | F24: Substituir bomba d'água com princípio de vazamento pelo selo lateral | G24: Preventiva | H24: Programada | I24: Adilton | J24: Gabriel | L24: 35 | M24: Sex | N24: 2 | O24: =IF(OR($L24="",$M24=""),"",(DATE(Semana!$J$3,1,4)-WEEKDAY(DATE(Semana!$J$3,1,4),3))+($L24-1)*7+MATCH($M24,Listas!$F$5:$F$11,0)-1) -> 46262 | P24: =IF(OR($F24="",$O24=""),"",$O24+MAX(0,ROUNDUP($AK24*MAX(1,IF($N24="",1,$N24))/MAX(1,$AL24),0)-1)) -> 46263 | Q24: 46262 | U24: Reprogramada por conta de box bloqueado por conta de guindaste · 20538820 | V24: =IF($F24="","",IF(ISNUMBER(SEARCH("(externo)",$I24&$J24&$K24)),"Terceirizada","Interna")) -> Interna | W24: =IF($O24="","",IF($S24="",$O24,(DATE(Semana!$J$3,1,4)-WEEKDAY(DATE(Semana!$J$3,1,4),3))+($S24-1)*7+IF($M24="",0,MATCH($M24,Listas!$F$5:$F$11,0)-1))) -> 46262 | X24: =IF($F24="","",IF(OR($AT24="",$O24=""),0,IF($AT24<=$O24,1,0))) -> 1 | Y24: =IF($F24="","",IF(OR($AT24="",$W24=""),0,IF($AT24<=$W24,1,0))) -> 1 | Z24: =IF(OR($AT24="",$O24=""),"",MAX(0,$AT24-$O24)) -> 0 | AA24: =IF($F24="","",IF(AND($S24<>"",$L24<>"",$S24<>$L24),1,0)) -> 0 | AB24: =IF($F24="","",IF($R24="Cancelada",0,IF(OR($AT24<>"",$R24="Concluída"),1,0))) -> 1 | AC24: =IF($P24="",0,IF($P24<Hoje!$L$1,1,IF(AND($P24=Hoje!$L$1,Hoje!$L$2>Semana!$M$3),1,0))) -> 1 | AD24: =IF($F24="","",IF(COUNTA($I24:$K24)=0,0,1/COUNTA($I24:$K24))) -> 0.5 | AE24: =IF($AH24=0,"",SUM($AH$4:$AH24)) | AF24: =IF($AI24=0,"",SUM($AI$4:$AI24)) | AG24: =IF($F24="","",$I24&IF($J24="",""," · "&$J24)&IF($K24="",""," · "&$K24)) -> Adilton · Gabriel | AH24: =IF(AND($F24<>"",$O24<>"",$O24<=Hoje!$C$3,$P24>=Hoje!$C$3,$R24<>"Cancelada"),1,0) -> 0 | AI24: =IF(AND($F24<>"",$P24<>"",$P24<Hoje!$C$3,$AB24=0,$R24<>"Cancelada"),1,0) -> 0 | AJ24: =IF($F24="","",$D24&"|"&$E24&"|"&$L24) -> F-331|Preventiva|35 | AK24: =IF($AJ24="","",COUNTIF($AJ$4:$AJ24,$AJ24)) -> 1 | AL24: =IF($AJ24="","",COUNTIF($AJ$4:$AJ$1004,$AJ24)) -> 1 | AN24: =IF($D24="","",IFERROR(T(VLOOKUP($D24,Listas!$B$5:$H$120,7,0)),"")) | AO24: =IF(OR($F24="",$L24<>"",$R24="Cancelada",$AT24<>""),"",$AN24&"|"&$D24&"|"&IF($C24="","zzz",$C24)&"|"&TEXT(24,"0000")) | AP24: =IF($AO24="","",COUNTIF($AO$5:$AO$1004,"<"&$AO24)-(ROWS($AO$5:$AO$1004)-Hoje!$L$5)+1) | AQ24: =IF(AND($F24<>"",$D24=Frota!$C$3),1,0) -> 0 | AR24: =IF($AQ24=0,"",SUM($AQ$4:$AQ24)) | AS24: =IFERROR(INDEX(Hoje!$K$10:$K$29,MATCH(ROW(),Hoje!$J$10:$J$29,0)),"") | AT24: =IF($Q24<>"",$Q24,$AS24) -> 46262
A25: =IF($F25="","",ROW()) -> 25 | B25: =IF($F25="",IF($D25="","","Falta a atividade"),IF($R25="Cancelada","Cancelada",IF($AB25=1,IF(N($Z25)>0,"Concluída com atraso","Concluída"),IF($R25="Em programação","Em programação",IF($O25="",IF($M25="","Na carteira","Falta a semana"),IF($AC25=1,"VENCIDA",IF($O25>Hoje!$L$1,"Programada",IF($P25>Hoje!$L$1,"Em execução","Fecha hoje")))))))) -> Concluída | C25: 021301 | D25: F-331 | E25: Preventiva | F25: Realizar lavagem e sanar vazamento na bomba de direção hidráulica | G25: Preventiva | H25: Programada | I25: Adilton | J25: Gabriel | L25: 36 | M25: Seg | N25: 3 | O25: =IF(OR($L25="",$M25=""),"",(DATE(Semana!$J$3,1,4)-WEEKDAY(DATE(Semana!$J$3,1,4),3))+($L25-1)*7+MATCH($M25,Listas!$F$5:$F$11,0)-1) -> 46265 | P25: =IF(OR($F25="",$O25=""),"",$O25+MAX(0,ROUNDUP($AK25*MAX(1,IF($N25="",1,$N25))/MAX(1,$AL25),0)-1)) -> 46265 | Q25: 46265 | R25: Concluída | S25: 35 | U25: Reprogramada por conta de box bloqueado por conta de guindaste · serviço interno base Mossoró | V25: =IF($F25="","",IF(ISNUMBER(SEARCH("(externo)",$I25&$J25&$K25)),"Terceirizada","Interna")) -> Interna | W25: =IF($O25="","",IF($S25="",$O25,(DATE(Semana!$J$3,1,4)-WEEKDAY(DATE(Semana!$J$3,1,4),3))+($S25-1)*7+IF($M25="",0,MATCH($M25,Listas!$F$5:$F$11,0)-1))) -> 46258 | X25: =IF($F25="","",IF(OR($AT25="",$O25=""),0,IF($AT25<=$O25,1,0))) -> 1 | Y25: =IF($F25="","",IF(OR($AT25="",$W25=""),0,IF($AT25<=$W25,1,0))) -> 0 | Z25: =IF(OR($AT25="",$O25=""),"",MAX(0,$AT25-$O25)) -> 0 | AA25: =IF($F25="","",IF(AND($S25<>"",$L25<>"",$S25<>$L25),1,0)) -> 1 | AB25: =IF($F25="","",IF($R25="Cancelada",0,IF(OR($AT25<>"",$R25="Concluída"),1,0))) -> 1 | AC25: =IF($P25="",0,IF($P25<Hoje!$L$1,1,IF(AND($P25=Hoje!$L$1,Hoje!$L$2>Semana!$M$3),1,0))) -> 1 | AD25: =IF($F25="","",IF(COUNTA($I25:$K25)=0,0,1/COUNTA($I25:$K25))) -> 0.5 | AE25: =IF($AH25=0,"",SUM($AH$4:$AH25)) | AF25: =IF($AI25=0,"",SUM($AI$4:$AI25)) | AG25: =IF($F25="","",$I25&IF($J25="",""," · "&$J25)&IF($K25="",""," · "&$K25)) -> Adilton · Gabriel | AH25: =IF(AND($F25<>"",$O25<>"",$O25<=Hoje!$C$3,$P25>=Hoje!$C$3,$R25<>"Cancelada"),1,0) -> 0 | AI25: =IF(AND($F25<>"",$P25<>"",$P25<Hoje!$C$3,$AB25=0,$R25<>"Cancelada"),1,0) -> 0 | AJ25: =IF($F25="","",$D25&"|"&$E25&"|"&$L25) -> F-331|Preventiva|36 | AK25: =IF($AJ25="","",COUNTIF($AJ$4:$AJ25,$AJ25)) -> 3 | AL25: =IF($AJ25="","",COUNTIF($AJ$4:$AJ$1004,$AJ25)) -> 16 | AN25: =IF($D25="","",IFERROR(T(VLOOKUP($D25,Listas!$B$5:$H$120,7,0)),"")) | AO25: =IF(OR($F25="",$L25<>"",$R25="Cancelada",$AT25<>""),"",$AN25&"|"&$D25&"|"&IF($C25="","zzz",$C25)&"|"&TEXT(25,"0000")) | AP25: =IF($AO25="","",COUNTIF($AO$5:$AO$1004,"<"&$AO25)-(ROWS($AO$5:$AO$1004)-Hoje!$L$5)+1) | AQ25: =IF(AND($F25<>"",$D25=Frota!$C$3),1,0) -> 0 | AR25: =IF($AQ25=0,"",SUM($AQ$4:$AQ25)) | AS25: =IFERROR(INDEX(Hoje!$K$10:$K$29,MATCH(ROW(),Hoje!$J$10:$J$29,0)),"") | AT25: =IF($Q25<>"",$Q25,$AS25) -> 46265
A26: =IF($F26="","",ROW()) -> 26 | B26: =IF($F26="",IF($D26="","","Falta a atividade"),IF($R26="Cancelada","Cancelada",IF($AB26=1,IF(N($Z26)>0,"Concluída com atraso","Concluída"),IF($R26="Em programação","Em programação",IF($O26="",IF($M26="","Na carteira","Falta a semana"),IF($AC26=1,"VENCIDA",IF($O26>Hoje!$L$1,"Programada",IF($P26>Hoje!$L$1,"Em execução","Fecha hoje")))))))) -> Concluída | C26: 021301 | D26: F-331 | E26: Preventiva | F26: Sanar vazamento na mangueira da bomba de direção | G26: Preventiva | H26: Programada | I26: Adilton | J26: Gabriel | L26: 36 | M26: Seg | N26: 3 | O26: =IF(OR($L26="",$M26=""),"",(DATE(Semana!$J$3,1,4)-WEEKDAY(DATE(Semana!$J$3,1,4),3))+($L26-1)*7+MATCH($M26,Listas!$F$5:$F$11,0)-1) -> 46265 | P26: =IF(OR($F26="",$O26=""),"",$O26+MAX(0,ROUNDUP($AK26*MAX(1,IF($N26="",1,$N26))/MAX(1,$AL26),0)-1)) -> 46265 | Q26: 46265 | R26: Concluída | S26: 35 | T26: Serviço maior que o previsto | U26: Reprogramada por conta de box bloqueado por conta de guindaste · serviço interno base Mossoró solicitar codigo do tubo original | V26: =IF($F26="","",IF(ISNUMBER(SEARCH("(externo)",$I26&$J26&$K26)),"Terceirizada","Interna")) -> Interna | W26: =IF($O26="","",IF($S26="",$O26,(DATE(Semana!$J$3,1,4)-WEEKDAY(DATE(Semana!$J$3,1,4),3))+($S26-1)*7+IF($M26="",0,MATCH($M26,Listas!$F$5:$F$11,0)-1))) -> 46258 | X26: =IF($F26="","",IF(OR($AT26="",$O26=""),0,IF($AT26<=$O26,1,0))) -> 1 | Y26: =IF($F26="","",IF(OR($AT26="",$W26=""),0,IF($AT26<=$W26,1,0))) -> 0 | Z26: =IF(OR($AT26="",$O26=""),"",MAX(0,$AT26-$O26)) -> 0 | AA26: =IF($F26="","",IF(AND($S26<>"",$L26<>"",$S26<>$L26),1,0)) -> 1 | AB26: =IF($F26="","",IF($R26="Cancelada",0,IF(OR($AT26<>"",$R26="Concluída"),1,0))) -> 1 | AC26: =IF($P26="",0,IF($P26<Hoje!$L$1,1,IF(AND($P26=Hoje!$L$1,Hoje!$L$2>Semana!$M$3),1,0))) -> 1 | AD26: =IF($F26="","",IF(COUNTA($I26:$K26)=0,0,1/COUNTA($I26:$K26))) -> 0.5 | AE26: =IF($AH26=0,"",SUM($AH$4:$AH26)) | AF26: =IF($AI26=0,"",SUM($AI$4:$AI26)) | AG26: =IF($F26="","",$I26&IF($J26="",""," · "&$J26)&IF($K26="",""," · "&$K26)) -> Adilton · Gabriel | AH26: =IF(AND($F26<>"",$O26<>"",$O26<=Hoje!$C$3,$P26>=Hoje!$C$3,$R26<>"Cancelada"),1,0) -> 0 | AI26: =IF(AND($F26<>"",$P26<>"",$P26<Hoje!$C$3,$AB26=0,$R26<>"Cancelada"),1,0) -> 0 | AJ26: =IF($F26="","",$D26&"|"&$E26&"|"&$L26) -> F-331|Preventiva|36 | AK26: =IF($AJ26="","",COUNTIF($AJ$4:$AJ26,$AJ26)) -> 4 | AL26: =IF($AJ26="","",COUNTIF($AJ$4:$AJ$1004,$AJ26)) -> 16 | AN26: =IF($D26="","",IFERROR(T(VLOOKUP($D26,Listas!$B$5:$H$120,7,0)),"")) | AO26: =IF(OR($F26="",$L26<>"",$R26="Cancelada",$AT26<>""),"",$AN26&"|"&$D26&"|"&IF($C26="","zzz",$C26)&"|"&TEXT(26,"0000")) | AP26: =IF($AO26="","",COUNTIF($AO$5:$AO$1004,"<"&$AO26)-(ROWS($AO$5:$AO$1004)-Hoje!$L$5)+1) | AQ26: =IF(AND($F26<>"",$D26=Frota!$C$3),1,0) -> 0 | AR26: =IF($AQ26=0,"",SUM($AQ$4:$AQ26)) | AS26: =IFERROR(INDEX(Hoje!$K$10:$K$29,MATCH(ROW(),Hoje!$J$10:$J$29,0)),"") | AT26: =IF($Q26<>"",$Q26,$AS26) -> 46265
A27: =IF($F27="","",ROW()) -> 27 | B27: =IF($F27="",IF($D27="","","Falta a atividade"),IF($R27="Cancelada","Cancelada",IF($AB27=1,IF(N($Z27)>0,"Concluída com atraso","Concluída"),IF($R27="Em programação","Em programação",IF($O27="",IF($M27="","Na carteira","Falta a semana"),IF($AC27=1,"VENCIDA",IF($O27>Hoje!$L$1,"Programada",IF($P27>Hoje!$L$1,"Em execução","Fecha hoje")))))))) -> Concluída | C27: 021301 | D27: F-331 | E27: Preventiva | F27: Corrigir fixação elétrica solta na frente do intercooler | G27: Preventiva | H27: Programada | I27: Adilton | J27: Gabriel | L27: 36 | M27: Seg | N27: 3 | O27: =IF(OR($L27="",$M27=""),"",(DATE(Semana!$J$3,1,4)-WEEKDAY(DATE(Semana!$J$3,1,4),3))+($L27-1)*7+MATCH($M27,Listas!$F$5:$F$11,0)-1) -> 46265 | P27: =IF(OR($F27="",$O27=""),"",$O27+MAX(0,ROUNDUP($AK27*MAX(1,IF($N27="",1,$N27))/MAX(1,$AL27),0)-1)) -> 46265 | Q27: 46262 | S27: 35 | T27: Serviço maior que o previsto | U27: Reprogramada por conta de box bloqueado por conta de guindaste · serviço interno base Mossoró | V27: =IF($F27="","",IF(ISNUMBER(SEARCH("(externo)",$I27&$J27&$K27)),"Terceirizada","Interna")) -> Interna | W27: =IF($O27="","",IF($S27="",$O27,(DATE(Semana!$J$3,1,4)-WEEKDAY(DATE(Semana!$J$3,1,4),3))+($S27-1)*7+IF($M27="",0,MATCH($M27,Listas!$F$5:$F$11,0)-1))) -> 46258 | X27: =IF($F27="","",IF(OR($AT27="",$O27=""),0,IF($AT27<=$O27,1,0))) -> 1 | Y27: =IF($F27="","",IF(OR($AT27="",$W27=""),0,IF($AT27<=$W27,1,0))) -> 0 | Z27: =IF(OR($AT27="",$O27=""),"",MAX(0,$AT27-$O27)) -> 0 | AA27: =IF($F27="","",IF(AND($S27<>"",$L27<>"",$S27<>$L27),1,0)) -> 1 | AB27: =IF($F27="","",IF($R27="Cancelada",0,IF(OR($AT27<>"",$R27="Concluída"),1,0))) -> 1 | AC27: =IF($P27="",0,IF($P27<Hoje!$L$1,1,IF(AND($P27=Hoje!$L$1,Hoje!$L$2>Semana!$M$3),1,0))) -> 1 | AD27: =IF($F27="","",IF(COUNTA($I27:$K27)=0,0,1/COUNTA($I27:$K27))) -> 0.5 | AE27: =IF($AH27=0,"",SUM($AH$4:$AH27)) | AF27: =IF($AI27=0,"",SUM($AI$4:$AI27)) | AG27: =IF($F27="","",$I27&IF($J27="",""," · "&$J27)&IF($K27="",""," · "&$K27)) -> Adilton · Gabriel | AH27: =IF(AND($F27<>"",$O27<>"",$O27<=Hoje!$C$3,$P27>=Hoje!$C$3,$R27<>"Cancelada"),1,0) -> 0 | AI27: =IF(AND($F27<>"",$P27<>"",$P27<Hoje!$C$3,$AB27=0,$R27<>"Cancelada"),1,0) -> 0 | AJ27: =IF($F27="","",$D27&"|"&$E27&"|"&$L27) -> F-331|Preventiva|36 | AK27: =IF($AJ27="","",COUNTIF($AJ$4:$AJ27,$AJ27)) -> 5 | AL27: =IF($AJ27="","",COUNTIF($AJ$4:$AJ$1004,$AJ27)) -> 16 | AN27: =IF($D27="","",IFERROR(T(VLOOKUP($D27,Listas!$B$5:$H$120,7,0)),"")) | AO27: =IF(OR($F27="",$L27<>"",$R27="Cancelada",$AT27<>""),"",$AN27&"|"&$D27&"|"&IF($C27="","zzz",$C27)&"|"&TEXT(27,"0000")) | AP27: =IF($AO27="","",COUNTIF($AO$5:$AO$1004,"<"&$AO27)-(ROWS($AO$5:$AO$1004)-Hoje!$L$5)+1) | AQ27: =IF(AND($F27<>"",$D27=Frota!$C$3),1,0) -> 0 | AR27: =IF($AQ27=0,"",SUM($AQ$4:$AQ27)) | AS27: =IFERROR(INDEX(Hoje!$K$10:$K$29,MATCH(ROW(),Hoje!$J$10:$J$29,0)),"") | AT27: =IF($Q27<>"",$Q27,$AS27) -> 46262
A28: =IF($F28="","",ROW()) -> 28 | B28: =IF($F28="",IF($D28="","","Falta a atividade"),IF($R28="Cancelada","Cancelada",IF($AB28=1,IF(N($Z28)>0,"Concluída com atraso","Concluída"),IF($R28="Em programação","Em programação",IF($O28="",IF($M28="","Na carteira","Falta a semana"),IF($AC28=1,"VENCIDA",IF($O28>Hoje!$L$1,"Programada",IF($P28>Hoje!$L$1,"Em execução","Fecha hoje")))))))) -> Concluída | C28: 021301 | D28: F-331 | E28: Preventiva | F28: Fixar chicote elétrico solto na longarina LD | G28: Preventiva | H28: Programada | I28: Adilton | J28: Gabriel | L28: 36 | M28: Seg | N28: 3 | O28: =IF(OR($L28="",$M28=""),"",(DATE(Semana!$J$3,1,4)-WEEKDAY(DATE(Semana!$J$3,1,4),3))+($L28-1)*7+MATCH($M28,Listas!$F$5:$F$11,0)-1) -> 46265 | P28: =IF(OR($F28="",$O28=""),"",$O28+MAX(0,ROUNDUP($AK28*MAX(1,IF($N28="",1,$N28))/MAX(1,$AL28),0)-1)) -> 46266 | Q28: 46262 | S28: 35 | T28: Serviço maior que o previsto | U28: Reprogramada por conta de box bloqueado por conta de guindaste · serviço interno base Mossoró | V28: =IF($F28="","",IF(ISNUMBER(SEARCH("(externo)",$I28&$J28&$K28)),"Terceirizada","Interna")) -> Interna | W28: =IF($O28="","",IF($S28="",$O28,(DATE(Semana!$J$3,1,4)-WEEKDAY(DATE(Semana!$J$3,1,4),3))+($S28-1)*7+IF($M28="",0,MATCH($M28,Listas!$F$5:$F$11,0)-1))) -> 46258 | X28: =IF($F28="","",IF(OR($AT28="",$O28=""),0,IF($AT28<=$O28,1,0))) -> 1 | Y28: =IF($F28="","",IF(OR($AT28="",$W28=""),0,IF($AT28<=$W28,1,0))) -> 0 | Z28: =IF(OR($AT28="",$O28=""),"",MAX(0,$AT28-$O28)) -> 0 | AA28: =IF($F28="","",IF(AND($S28<>"",$L28<>"",$S28<>$L28),1,0)) -> 1 | AB28: =IF($F28="","",IF($R28="Cancelada",0,IF(OR($AT28<>"",$R28="Concluída"),1,0))) -> 1 | AC28: =IF($P28="",0,IF($P28<Hoje!$L$1,1,IF(AND($P28=Hoje!$L$1,Hoje!$L$2>Semana!$M$3),1,0))) -> 1 | AD28: =IF($F28="","",IF(COUNTA($I28:$K28)=0,0,1/COUNTA($I28:$K28))) -> 0.5 | AE28: =IF($AH28=0,"",SUM($AH$4:$AH28)) | AF28: =IF($AI28=0,"",SUM($AI$4:$AI28)) | AG28: =IF($F28="","",$I28&IF($J28="",""," · "&$J28)&IF($K28="",""," · "&$K28)) -> Adilton · Gabriel | AH28: =IF(AND($F28<>"",$O28<>"",$O28<=Hoje!$C$3,$P28>=Hoje!$C$3,$R28<>"Cancelada"),1,0) -> 0 | AI28: =IF(AND($F28<>"",$P28<>"",$P28<Hoje!$C$3,$AB28=0,$R28<>"Cancelada"),1,0) -> 0 | AJ28: =IF($F28="","",$D28&"|"&$E28&"|"&$L28) -> F-331|Preventiva|36 | AK28: =IF($AJ28="","",COUNTIF($AJ$4:$AJ28,$AJ28)) -> 6 | AL28: =IF($AJ28="","",COUNTIF($AJ$4:$AJ$1004,$AJ28)) -> 16 | AN28: =IF($D28="","",IFERROR(T(VLOOKUP($D28,Listas!$B$5:$H$120,7,0)),"")) | AO28: =IF(OR($F28="",$L28<>"",$R28="Cancelada",$AT28<>""),"",$AN28&"|"&$D28&"|"&IF($C28="","zzz",$C28)&"|"&TEXT(28,"0000")) | AP28: =IF($AO28="","",COUNTIF($AO$5:$AO$1004,"<"&$AO28)-(ROWS($AO$5:$AO$1004)-Hoje!$L$5)+1) | AQ28: =IF(AND($F28<>"",$D28=Frota!$C$3),1,0) -> 0 | AR28: =IF($AQ28=0,"",SUM($AQ$4:$AQ28)) | AS28: =IFERROR(INDEX(Hoje!$K$10:$K$29,MATCH(ROW(),Hoje!$J$10:$J$29,0)),"") | AT28: =IF($Q28<>"",$Q28,$AS28) -> 46262
A29: =IF($F29="","",ROW()) -> 29 | B29: =IF($F29="",IF($D29="","","Falta a atividade"),IF($R29="Cancelada","Cancelada",IF($AB29=1,IF(N($Z29)>0,"Concluída com atraso","Concluída"),IF($R29="Em programação","Em programação",IF($O29="",IF($M29="","Na carteira","Falta a semana"),IF($AC29=1,"VENCIDA",IF($O29>Hoje!$L$1,"Programada",IF($P29>Hoje!$L$1,"Em execução","Fecha hoje")))))))) -> Concluída | C29: 020466 | D29: F-331 | E29: Preventiva | F29: Repor acabamento inferior frontal do parachoque | G29: Preventiva | H29: Programada | I29: Adilton | J29: Gabriel | L29: 36 | M29: Seg | N29: 3 | O29: =IF(OR($L29="",$M29=""),"",(DATE(Semana!$J$3,1,4)-WEEKDAY(DATE(Semana!$J$3,1,4),3))+($L29-1)*7+MATCH($M29,Listas!$F$5:$F$11,0)-1) -> 46265 | P29: =IF(OR($F29="",$O29=""),"",$O29+MAX(0,ROUNDUP($AK29*MAX(1,IF($N29="",1,$N29))/MAX(1,$AL29),0)-1)) -> 46266 | Q29: 46265 | R29: Concluída | S29: 35 | U29: Reprogramada por conta de box bloqueado por conta de guindaste · 20711859 | V29: =IF($F29="","",IF(ISNUMBER(SEARCH("(externo)",$I29&$J29&$K29)),"Terceirizada","Interna")) -> Interna | W29: =IF($O29="","",IF($S29="",$O29,(DATE(Semana!$J$3,1,4)-WEEKDAY(DATE(Semana!$J$3,1,4),3))+($S29-1)*7+IF($M29="",0,MATCH($M29,Listas!$F$5:$F$11,0)-1))) -> 46258 | X29: =IF($F29="","",IF(OR($AT29="",$O29=""),0,IF($AT29<=$O29,1,0))) -> 1 | Y29: =IF($F29="","",IF(OR($AT29="",$W29=""),0,IF($AT29<=$W29,1,0))) -> 0 | Z29: =IF(OR($AT29="",$O29=""),"",MAX(0,$AT29-$O29)) -> 0 | AA29: =IF($F29="","",IF(AND($S29<>"",$L29<>"",$S29<>$L29),1,0)) -> 1 | AB29: =IF($F29="","",IF($R29="Cancelada",0,IF(OR($AT29<>"",$R29="Concluída"),1,0))) -> 1 | AC29: =IF($P29="",0,IF($P29<Hoje!$L$1,1,IF(AND($P29=Hoje!$L$1,Hoje!$L$2>Semana!$M$3),1,0))) -> 1 | AD29: =IF($F29="","",IF(COUNTA($I29:$K29)=0,0,1/COUNTA($I29:$K29))) -> 0.5 | AE29: =IF($AH29=0,"",SUM($AH$4:$AH29)) | AF29: =IF($AI29=0,"",SUM($AI$4:$AI29)) | AG29: =IF($F29="","",$I29&IF($J29="",""," · "&$J29)&IF($K29="",""," · "&$K29)) -> Adilton · Gabriel | AH29: =IF(AND($F29<>"",$O29<>"",$O29<=Hoje!$C$3,$P29>=Hoje!$C$3,$R29<>"Cancelada"),1,0) -> 0 | AI29: =IF(AND($F29<>"",$P29<>"",$P29<Hoje!$C$3,$AB29=0,$R29<>"Cancelada"),1,0) -> 0 | AJ29: =IF($F29="","",$D29&"|"&$E29&"|"&$L29) -> F-331|Preventiva|36 | AK29: =IF($AJ29="","",COUNTIF($AJ$4:$AJ29,$AJ29)) -> 7 | AL29: =IF($AJ29="","",COUNTIF($AJ$4:$AJ$1004,$AJ29)) -> 16 | AN29: =IF($D29="","",IFERROR(T(VLOOKUP($D29,Listas!$B$5:$H$120,7,0)),"")) | AO29: =IF(OR($F29="",$L29<>"",$R29="Cancelada",$AT29<>""),"",$AN29&"|"&$D29&"|"&IF($C29="","zzz",$C29)&"|"&TEXT(29,"0000")) | AP29: =IF($AO29="","",COUNTIF($AO$5:$AO$1004,"<"&$AO29)-(ROWS($AO$5:$AO$1004)-Hoje!$L$5)+1) | AQ29: =IF(AND($F29<>"",$D29=Frota!$C$3),1,0) -> 0 | AR29: =IF($AQ29=0,"",SUM($AQ$4:$AQ29)) | AS29: =IFERROR(INDEX(Hoje!$K$10:$K$29,MATCH(ROW(),Hoje!$J$10:$J$29,0)),"") | AT29: =IF($Q29<>"",$Q29,$AS29) -> 46265
A30: =IF($F30="","",ROW()) -> 30 | B30: =IF($F30="",IF($D30="","","Falta a atividade"),IF($R30="Cancelada","Cancelada",IF($AB30=1,IF(N($Z30)>0,"Concluída com atraso","Concluída"),IF($R30="Em programação","Em programação",IF($O30="",IF($M30="","Na carteira","Falta a semana"),IF($AC30=1,"VENCIDA",IF($O30>Hoje!$L$1,"Programada",IF($P30>Hoje!$L$1,"Em execução","Fecha hoje")))))))) -> Concluída | C30: 020466 | D30: F-331 | E30: Preventiva | F30: Repor vidrala sanefa/carga e corrigir empeno no varão | G30: Preventiva | H30: Programada | I30: Adilton | J30: Gabriel | L30: 36 | M30: Seg | N30: 3 | O30: =IF(OR($L30="",$M30=""),"",(DATE(Semana!$J$3,1,4)-WEEKDAY(DATE(Semana!$J$3,1,4),3))+($L30-1)*7+MATCH($M30,Listas!$F$5:$F$11,0)-1) -> 46265 | P30: =IF(OR($F30="",$O30=""),"",$O30+MAX(0,ROUNDUP($AK30*MAX(1,IF($N30="",1,$N30))/MAX(1,$AL30),0)-1)) -> 46266 | Q30: 46265 | R30: Concluída | S30: 35 | U30: Reprogramada por conta de box bloqueado por conta de guindaste · 1628953 peça adaptada | V30: =IF($F30="","",IF(ISNUMBER(SEARCH("(externo)",$I30&$J30&$K30)),"Terceirizada","Interna")) -> Interna | W30: =IF($O30="","",IF($S30="",$O30,(DATE(Semana!$J$3,1,4)-WEEKDAY(DATE(Semana!$J$3,1,4),3))+($S30-1)*7+IF($M30="",0,MATCH($M30,Listas!$F$5:$F$11,0)-1))) -> 46258 | X30: =IF($F30="","",IF(OR($AT30="",$O30=""),0,IF($AT30<=$O30,1,0))) -> 1 | Y30: =IF($F30="","",IF(OR($AT30="",$W30=""),0,IF($AT30<=$W30,1,0))) -> 0 | Z30: =IF(OR($AT30="",$O30=""),"",MAX(0,$AT30-$O30)) -> 0 | AA30: =IF($F30="","",IF(AND($S30<>"",$L30<>"",$S30<>$L30),1,0)) -> 1 | AB30: =IF($F30="","",IF($R30="Cancelada",0,IF(OR($AT30<>"",$R30="Concluída"),1,0))) -> 1 | AC30: =IF($P30="",0,IF($P30<Hoje!$L$1,1,IF(AND($P30=Hoje!$L$1,Hoje!$L$2>Semana!$M$3),1,0))) -> 1 | AD30: =IF($F30="","",IF(COUNTA($I30:$K30)=0,0,1/COUNTA($I30:$K30))) -> 0.5 | AE30: =IF($AH30=0,"",SUM($AH$4:$AH30)) | AF30: =IF($AI30=0,"",SUM($AI$4:$AI30)) | AG30: =IF($F30="","",$I30&IF($J30="",""," · "&$J30)&IF($K30="",""," · "&$K30)) -> Adilton · Gabriel | AH30: =IF(AND($F30<>"",$O30<>"",$O30<=Hoje!$C$3,$P30>=Hoje!$C$3,$R30<>"Cancelada"),1,0) -> 0 | AI30: =IF(AND($F30<>"",$P30<>"",$P30<Hoje!$C$3,$AB30=0,$R30<>"Cancelada"),1,0) -> 0 | AJ30: =IF($F30="","",$D30&"|"&$E30&"|"&$L30) -> F-331|Preventiva|36 | AK30: =IF($AJ30="","",COUNTIF($AJ$4:$AJ30,$AJ30)) -> 8 | AL30: =IF($AJ30="","",COUNTIF($AJ$4:$AJ$1004,$AJ30)) -> 16 | AN30: =IF($D30="","",IFERROR(T(VLOOKUP($D30,Listas!$B$5:$H$120,7,0)),"")) | AO30: =IF(OR($F30="",$L30<>"",$R30="Cancelada",$AT30<>""),"",$AN30&"|"&$D30&"|"&IF($C30="","zzz",$C30)&"|"&TEXT(30,"0000")) | AP30: =IF($AO30="","",COUNTIF($AO$5:$AO$1004,"<"&$AO30)-(ROWS($AO$5:$AO$1004)-Hoje!$L$5)+1) | AQ30: =IF(AND($F30<>"",$D30=Frota!$C$3),1,0) -> 0 | AR30: =IF($AQ30=0,"",SUM($AQ$4:$AQ30)) | AS30: =IFERROR(INDEX(Hoje!$K$10:$K$29,MATCH(ROW(),Hoje!$J$10:$J$29,0)),"") | AT30: =IF($Q30<>"",$Q30,$AS30) -> 46265
A31: =IF($F31="","",ROW()) -> 31 | B31: =IF($F31="",IF($D31="","","Falta a atividade"),IF($R31="Cancelada","Cancelada",IF($AB31=1,IF(N($Z31)>0,"Concluída com atraso","Concluída"),IF($R31="Em programação","Em programação",IF($O31="",IF($M31="","Na carteira","Falta a semana"),IF($AC31=1,"VENCIDA",IF($O31>Hoje!$L$1,"Programada",IF($P31>Hoje!$L$1,"Em execução","Fecha hoje")))))))) -> Concluída | C31: 020466 | D31: F-331 | E31: Preventiva | F31: Corrigir iluminação interna da cabine | G31: Preventiva | H31: Programada | I31: Adilton | J31: Gabriel | L31: 36 | M31: Seg | N31: 3 | O31: =IF(OR($L31="",$M31=""),"",(DATE(Semana!$J$3,1,4)-WEEKDAY(DATE(Semana!$J$3,1,4),3))+($L31-1)*7+MATCH($M31,Listas!$F$5:$F$11,0)-1) -> 46265 | P31: =IF(OR($F31="",$O31=""),"",$O31+MAX(0,ROUNDUP($AK31*MAX(1,IF($N31="",1,$N31))/MAX(1,$AL31),0)-1)) -> 46266 | Q31: 46265 | R31: Concluída | S31: 35 | T31: Serviço maior que o previsto | U31: Reprogramada por conta de box bloqueado por conta de guindaste · serviço interno base Mossoró | V31: =IF($F31="","",IF(ISNUMBER(SEARCH("(externo)",$I31&$J31&$K31)),"Terceirizada","Interna")) -> Interna | W31: =IF($O31="","",IF($S31="",$O31,(DATE(Semana!$J$3,1,4)-WEEKDAY(DATE(Semana!$J$3,1,4),3))+($S31-1)*7+IF($M31="",0,MATCH($M31,Listas!$F$5:$F$11,0)-1))) -> 46258 | X31: =IF($F31="","",IF(OR($AT31="",$O31=""),0,IF($AT31<=$O31,1,0))) -> 1 | Y31: =IF($F31="","",IF(OR($AT31="",$W31=""),0,IF($AT31<=$W31,1,0))) -> 0 | Z31: =IF(OR($AT31="",$O31=""),"",MAX(0,$AT31-$O31)) -> 0 | AA31: =IF($F31="","",IF(AND($S31<>"",$L31<>"",$S31<>$L31),1,0)) -> 1 | AB31: =IF($F31="","",IF($R31="Cancelada",0,IF(OR($AT31<>"",$R31="Concluída"),1,0))) -> 1 | AC31: =IF($P31="",0,IF($P31<Hoje!$L$1,1,IF(AND($P31=Hoje!$L$1,Hoje!$L$2>Semana!$M$3),1,0))) -> 1 | AD31: =IF($F31="","",IF(COUNTA($I31:$K31)=0,0,1/COUNTA($I31:$K31))) -> 0.5 | AE31: =IF($AH31=0,"",SUM($AH$4:$AH31)) | AF31: =IF($AI31=0,"",SUM($AI$4:$AI31)) | AG31: =IF($F31="","",$I31&IF($J31="",""," · "&$J31)&IF($K31="",""," · "&$K31)) -> Adilton · Gabriel | AH31: =IF(AND($F31<>"",$O31<>"",$O31<=Hoje!$C$3,$P31>=Hoje!$C$3,$R31<>"Cancelada"),1,0) -> 0 | AI31: =IF(AND($F31<>"",$P31<>"",$P31<Hoje!$C$3,$AB31=0,$R31<>"Cancelada"),1,0) -> 0 | AJ31: =IF($F31="","",$D31&"|"&$E31&"|"&$L31) -> F-331|Preventiva|36 | AK31: =IF($AJ31="","",COUNTIF($AJ$4:$AJ31,$AJ31)) -> 9 | AL31: =IF($AJ31="","",COUNTIF($AJ$4:$AJ$1004,$AJ31)) -> 16 | AN31: =IF($D31="","",IFERROR(T(VLOOKUP($D31,Listas!$B$5:$H$120,7,0)),"")) | AO31: =IF(OR($F31="",$L31<>"",$R31="Cancelada",$AT31<>""),"",$AN31&"|"&$D31&"|"&IF($C31="","zzz",$C31)&"|"&TEXT(31,"0000")) | AP31: =IF($AO31="","",COUNTIF($AO$5:$AO$1004,"<"&$AO31)-(ROWS($AO$5:$AO$1004)-Hoje!$L$5)+1) | AQ31: =IF(AND($F31<>"",$D31=Frota!$C$3),1,0) -> 0 | AR31: =IF($AQ31=0,"",SUM($AQ$4:$AQ31)) | AS31: =IFERROR(INDEX(Hoje!$K$10:$K$29,MATCH(ROW(),Hoje!$J$10:$J$29,0)),"") | AT31: =IF($Q31<>"",$Q31,$AS31) -> 46265
A32: =IF($F32="","",ROW()) -> 32 | B32: =IF($F32="",IF($D32="","","Falta a atividade"),IF($R32="Cancelada","Cancelada",IF($AB32=1,IF(N($Z32)>0,"Concluída com atraso","Concluída"),IF($R32="Em programação","Em programação",IF($O32="",IF($M32="","Na carteira","Falta a semana"),IF($AC32=1,"VENCIDA",IF($O32>Hoje!$L$1,"Programada",IF($P32>Hoje!$L$1,"Em execução","Fecha hoje")))))))) -> Concluída | C32: 021301 | D32: F-331 | E32: Preventiva | F32: Fixar mangueiras soltas na longarina LE | G32: Preventiva | H32: Programada | I32: Adilton | J32: Gabriel | L32: 36 | M32: Seg | N32: 3 | O32: =IF(OR($L32="",$M32=""),"",(DATE(Semana!$J$3,1,4)-WEEKDAY(DATE(Semana!$J$3,1,4),3))+($L32-1)*7+MATCH($M32,Listas!$F$5:$F$11,0)-1) -> 46265 | P32: =IF(OR($F32="",$O32=""),"",$O32+MAX(0,ROUNDUP($AK32*MAX(1,IF($N32="",1,$N32))/MAX(1,$AL32),0)-1)) -> 46266 | Q32: 46262 | S32: 35 | T32: Serviço maior que o previsto | U32: Reprogramada por conta de box bloqueado por conta de guindaste · serviço interno base Mossoró | V32: =IF($F32="","",IF(ISNUMBER(SEARCH("(externo)",$I32&$J32&$K32)),"Terceirizada","Interna")) -> Interna | W32: =IF($O32="","",IF($S32="",$O32,(DATE(Semana!$J$3,1,4)-WEEKDAY(DATE(Semana!$J$3,1,4),3))+($S32-1)*7+IF($M32="",0,MATCH($M32,Listas!$F$5:$F$11,0)-1))) -> 46258 | X32: =IF($F32="","",IF(OR($AT32="",$O32=""),0,IF($AT32<=$O32,1,0))) -> 1 | Y32: =IF($F32="","",IF(OR($AT32="",$W32=""),0,IF($AT32<=$W32,1,0))) -> 0 | Z32: =IF(OR($AT32="",$O32=""),"",MAX(0,$AT32-$O32)) -> 0 | AA32: =IF($F32="","",IF(AND($S32<>"",$L32<>"",$S32<>$L32),1,0)) -> 1 | AB32: =IF($F32="","",IF($R32="Cancelada",0,IF(OR($AT32<>"",$R32="Concluída"),1,0))) -> 1 | AC32: =IF($P32="",0,IF($P32<Hoje!$L$1,1,IF(AND($P32=Hoje!$L$1,Hoje!$L$2>Semana!$M$3),1,0))) -> 1 | AD32: =IF($F32="","",IF(COUNTA($I32:$K32)=0,0,1/COUNTA($I32:$K32))) -> 0.5 | AE32: =IF($AH32=0,"",SUM($AH$4:$AH32)) | AF32: =IF($AI32=0,"",SUM($AI$4:$AI32)) | AG32: =IF($F32="","",$I32&IF($J32="",""," · "&$J32)&IF($K32="",""," · "&$K32)) -> Adilton · Gabriel | AH32: =IF(AND($F32<>"",$O32<>"",$O32<=Hoje!$C$3,$P32>=Hoje!$C$3,$R32<>"Cancelada"),1,0) -> 0 | AI32: =IF(AND($F32<>"",$P32<>"",$P32<Hoje!$C$3,$AB32=0,$R32<>"Cancelada"),1,0) -> 0 | AJ32: =IF($F32="","",$D32&"|"&$E32&"|"&$L32) -> F-331|Preventiva|36 | AK32: =IF($AJ32="","",COUNTIF($AJ$4:$AJ32,$AJ32)) -> 10 | AL32: =IF($AJ32="","",COUNTIF($AJ$4:$AJ$1004,$AJ32)) -> 16 | AN32: =IF($D32="","",IFERROR(T(VLOOKUP($D32,Listas!$B$5:$H$120,7,0)),"")) | AO32: =IF(OR($F32="",$L32<>"",$R32="Cancelada",$AT32<>""),"",$AN32&"|"&$D32&"|"&IF($C32="","zzz",$C32)&"|"&TEXT(32,"0000")) | AP32: =IF($AO32="","",COUNTIF($AO$5:$AO$1004,"<"&$AO32)-(ROWS($AO$5:$AO$1004)-Hoje!$L$5)+1) | AQ32: =IF(AND($F32<>"",$D32=Frota!$C$3),1,0) -> 0 | AR32: =IF($AQ32=0,"",SUM($AQ$4:$AQ32)) | AS32: =IFERROR(INDEX(Hoje!$K$10:$K$29,MATCH(ROW(),Hoje!$J$10:$J$29,0)),"") | AT32: =IF($Q32<>"",$Q32,$AS32) -> 46262
A33: =IF($F33="","",ROW()) -> 33 | B33: =IF($F33="",IF($D33="","","Falta a atividade"),IF($R33="Cancelada","Cancelada",IF($AB33=1,IF(N($Z33)>0,"Concluída com atraso","Concluída"),IF($R33="Em programação","Em programação",IF($O33="",IF($M33="","Na carteira","Falta a semana"),IF($AC33=1,"VENCIDA",IF($O33>Hoje!$L$1,"Programada",IF($P33>Hoje!$L$1,"Em execução","Fecha hoje")))))))) -> Concluída | C33: 021296 | D33: F-331 | E33: Preventiva | F33: Motor esguicho | G33: Preventiva | H33: Programada | I33: Adilton | J33: Gabriel | L33: 36 | M33: Seg | N33: 3 | O33: =IF(OR($L33="",$M33=""),"",(DATE(Semana!$J$3,1,4)-WEEKDAY(DATE(Semana!$J$3,1,4),3))+($L33-1)*7+MATCH($M33,Listas!$F$5:$F$11,0)-1) -> 46265 | P33: =IF(OR($F33="",$O33=""),"",$O33+MAX(0,ROUNDUP($AK33*MAX(1,IF($N33="",1,$N33))/MAX(1,$AL33),0)-1)) -> 46267 | Q33: 46265 | R33: Concluída | S33: 35 | T33: Peça não chegou | V33: =IF($F33="","",IF(ISNUMBER(SEARCH("(externo)",$I33&$J33&$K33)),"Terceirizada","Interna")) -> Interna | W33: =IF($O33="","",IF($S33="",$O33,(DATE(Semana!$J$3,1,4)-WEEKDAY(DATE(Semana!$J$3,1,4),3))+($S33-1)*7+IF($M33="",0,MATCH($M33,Listas!$F$5:$F$11,0)-1))) -> 46258 | X33: =IF($F33="","",IF(OR($AT33="",$O33=""),0,IF($AT33<=$O33,1,0))) -> 1 | Y33: =IF($F33="","",IF(OR($AT33="",$W33=""),0,IF($AT33<=$W33,1,0))) -> 0 | Z33: =IF(OR($AT33="",$O33=""),"",MAX(0,$AT33-$O33)) -> 0 | AA33: =IF($F33="","",IF(AND($S33<>"",$L33<>"",$S33<>$L33),1,0)) -> 1 | AB33: =IF($F33="","",IF($R33="Cancelada",0,IF(OR($AT33<>"",$R33="Concluída"),1,0))) -> 1 | AC33: =IF($P33="",0,IF($P33<Hoje!$L$1,1,IF(AND($P33=Hoje!$L$1,Hoje!$L$2>Semana!$M$3),1,0))) -> 1 | AD33: =IF($F33="","",IF(COUNTA($I33:$K33)=0,0,1/COUNTA($I33:$K33))) -> 0.5 | AE33: =IF($AH33=0,"",SUM($AH$4:$AH33)) | AF33: =IF($AI33=0,"",SUM($AI$4:$AI33)) | AG33: =IF($F33="","",$I33&IF($J33="",""," · "&$J33)&IF($K33="",""," · "&$K33)) -> Adilton · Gabriel | AH33: =IF(AND($F33<>"",$O33<>"",$O33<=Hoje!$C$3,$P33>=Hoje!$C$3,$R33<>"Cancelada"),1,0) -> 0 | AI33: =IF(AND($F33<>"",$P33<>"",$P33<Hoje!$C$3,$AB33=0,$R33<>"Cancelada"),1,0) -> 0 | AJ33: =IF($F33="","",$D33&"|"&$E33&"|"&$L33) -> F-331|Preventiva|36 | AK33: =IF($AJ33="","",COUNTIF($AJ$4:$AJ33,$AJ33)) -> 11 | AL33: =IF($AJ33="","",COUNTIF($AJ$4:$AJ$1004,$AJ33)) -> 16 | AN33: =IF($D33="","",IFERROR(T(VLOOKUP($D33,Listas!$B$5:$H$120,7,0)),"")) | AO33: =IF(OR($F33="",$L33<>"",$R33="Cancelada",$AT33<>""),"",$AN33&"|"&$D33&"|"&IF($C33="","zzz",$C33)&"|"&TEXT(33,"0000")) | AP33: =IF($AO33="","",COUNTIF($AO$5:$AO$1004,"<"&$AO33)-(ROWS($AO$5:$AO$1004)-Hoje!$L$5)+1) | AQ33: =IF(AND($F33<>"",$D33=Frota!$C$3),1,0) -> 0 | AR33: =IF($AQ33=0,"",SUM($AQ$4:$AQ33)) | AS33: =IFERROR(INDEX(Hoje!$K$10:$K$29,MATCH(ROW(),Hoje!$J$10:$J$29,0)),"") | AT33: =IF($Q33<>"",$Q33,$AS33) -> 46265
A34: =IF($F34="","",ROW()) -> 34 | B34: =IF($F34="",IF($D34="","","Falta a atividade"),IF($R34="Cancelada","Cancelada",IF($AB34=1,IF(N($Z34)>0,"Concluída com atraso","Concluída"),IF($R34="Em programação","Em programação",IF($O34="",IF($M34="","Na carteira","Falta a semana"),IF($AC34=1,"VENCIDA",IF($O34>Hoje!$L$1,"Programada",IF($P34>Hoje!$L$1,"Em execução","Fecha hoje")))))))) -> Concluída | C34: 021297 | D34: F-331 | E34: Preventiva | F34: Mola gás | G34: Preventiva | H34: Programada | I34: Adilton | J34: Gabriel | L34: 36 | M34: Seg | N34: 3 | O34: =IF(OR($L34="",$M34=""),"",(DATE(Semana!$J$3,1,4)-WEEKDAY(DATE(Semana!$J$3,1,4),3))+($L34-1)*7+MATCH($M34,Listas!$F$5:$F$11,0)-1) -> 46265 | P34: =IF(OR($F34="",$O34=""),"",$O34+MAX(0,ROUNDUP($AK34*MAX(1,IF($N34="",1,$N34))/MAX(1,$AL34),0)-1)) -> 46267 | Q34: 46265 | R34: Concluída | S34: 35 | T34: Peça não chegou | V34: =IF($F34="","",IF(ISNUMBER(SEARCH("(externo)",$I34&$J34&$K34)),"Terceirizada","Interna")) -> Interna | W34: =IF($O34="","",IF($S34="",$O34,(DATE(Semana!$J$3,1,4)-WEEKDAY(DATE(Semana!$J$3,1,4),3))+($S34-1)*7+IF($M34="",0,MATCH($M34,Listas!$F$5:$F$11,0)-1))) -> 46258 | X34: =IF($F34="","",IF(OR($AT34="",$O34=""),0,IF($AT34<=$O34,1,0))) -> 1 | Y34: =IF($F34="","",IF(OR($AT34="",$W34=""),0,IF($AT34<=$W34,1,0))) -> 0 | Z34: =IF(OR($AT34="",$O34=""),"",MAX(0,$AT34-$O34)) -> 0 | AA34: =IF($F34="","",IF(AND($S34<>"",$L34<>"",$S34<>$L34),1,0)) -> 1 | AB34: =IF($F34="","",IF($R34="Cancelada",0,IF(OR($AT34<>"",$R34="Concluída"),1,0))) -> 1 | AC34: =IF($P34="",0,IF($P34<Hoje!$L$1,1,IF(AND($P34=Hoje!$L$1,Hoje!$L$2>Semana!$M$3),1,0))) -> 1 | AD34: =IF($F34="","",IF(COUNTA($I34:$K34)=0,0,1/COUNTA($I34:$K34))) -> 0.5 | AE34: =IF($AH34=0,"",SUM($AH$4:$AH34)) | AF34: =IF($AI34=0,"",SUM($AI$4:$AI34)) | AG34: =IF($F34="","",$I34&IF($J34="",""," · "&$J34)&IF($K34="",""," · "&$K34)) -> Adilton · Gabriel | AH34: =IF(AND($F34<>"",$O34<>"",$O34<=Hoje!$C$3,$P34>=Hoje!$C$3,$R34<>"Cancelada"),1,0) -> 0 | AI34: =IF(AND($F34<>"",$P34<>"",$P34<Hoje!$C$3,$AB34=0,$R34<>"Cancelada"),1,0) -> 0 | AJ34: =IF($F34="","",$D34&"|"&$E34&"|"&$L34) -> F-331|Preventiva|36 | AK34: =IF($AJ34="","",COUNTIF($AJ$4:$AJ34,$AJ34)) -> 12 | AL34: =IF($AJ34="","",COUNTIF($AJ$4:$AJ$1004,$AJ34)) -> 16 | AN34: =IF($D34="","",IFERROR(T(VLOOKUP($D34,Listas!$B$5:$H$120,7,0)),"")) | AO34: =IF(OR($F34="",$L34<>"",$R34="Cancelada",$AT34<>""),"",$AN34&"|"&$D34&"|"&IF($C34="","zzz",$C34)&"|"&TEXT(34,"0000")) | AP34: =IF($AO34="","",COUNTIF($AO$5:$AO$1004,"<"&$AO34)-(ROWS($AO$5:$AO$1004)-Hoje!$L$5)+1) | AQ34: =IF(AND($F34<>"",$D34=Frota!$C$3),1,0) -> 0 | AR34: =IF($AQ34=0,"",SUM($AQ$4:$AQ34)) | AS34: =IFERROR(INDEX(Hoje!$K$10:$K$29,MATCH(ROW(),Hoje!$J$10:$J$29,0)),"") | AT34: =IF($Q34<>"",$Q34,$AS34) -> 46265
A35: =IF($F35="","",ROW()) -> 35 | B35: =IF($F35="",IF($D35="","","Falta a atividade"),IF($R35="Cancelada","Cancelada",IF($AB35=1,IF(N($Z35)>0,"Concluída com atraso","Concluída"),IF($R35="Em programação","Em programação",IF($O35="",IF($M35="","Na carteira","Falta a semana"),IF($AC35=1,"VENCIDA",IF($O35>Hoje!$L$1,"Programada",IF($P35>Hoje!$L$1,"Em execução","Fecha hoje")))))))) -> Concluída | C35: 021298 | D35: F-331 | E35: Preventiva | F35: Lamina d'agua | G35: Preventiva | H35: Programada | I35: Adilton | J35: Gabriel | L35: 36 | M35: Seg | N35: 3 | O35: =IF(OR($L35="",$M35=""),"",(DATE(Semana!$J$3,1,4)-WEEKDAY(DATE(Semana!$J$3,1,4),3))+($L35-1)*7+MATCH($M35,Listas!$F$5:$F$11,0)-1) -> 46265 | P35: =IF(OR($F35="",$O35=""),"",$O35+MAX(0,ROUNDUP($AK35*MAX(1,IF($N35="",1,$N35))/MAX(1,$AL35),0)-1)) -> 46267 | Q35: 46265 | R35: Concluída | S35: 35 | T35: Peça não chegou | V35: =IF($F35="","",IF(ISNUMBER(SEARCH("(externo)",$I35&$J35&$K35)),"Terceirizada","Interna")) -> Interna | W35: =IF($O35="","",IF($S35="",$O35,(DATE(Semana!$J$3,1,4)-WEEKDAY(DATE(Semana!$J$3,1,4),3))+($S35-1)*7+IF($M35="",0,MATCH($M35,Listas!$F$5:$F$11,0)-1))) -> 46258 | X35: =IF($F35="","",IF(OR($AT35="",$O35=""),0,IF($AT35<=$O35,1,0))) -> 1 | Y35: =IF($F35="","",IF(OR($AT35="",$W35=""),0,IF($AT35<=$W35,1,0))) -> 0 | Z35: =IF(OR($AT35="",$O35=""),"",MAX(0,$AT35-$O35)) -> 0 | AA35: =IF($F35="","",IF(AND($S35<>"",$L35<>"",$S35<>$L35),1,0)) -> 1 | AB35: =IF($F35="","",IF($R35="Cancelada",0,IF(OR($AT35<>"",$R35="Concluída"),1,0))) -> 1 | AC35: =IF($P35="",0,IF($P35<Hoje!$L$1,1,IF(AND($P35=Hoje!$L$1,Hoje!$L$2>Semana!$M$3),1,0))) -> 1 | AD35: =IF($F35="","",IF(COUNTA($I35:$K35)=0,0,1/COUNTA($I35:$K35))) -> 0.5 | AE35: =IF($AH35=0,"",SUM($AH$4:$AH35)) | AF35: =IF($AI35=0,"",SUM($AI$4:$AI35)) | AG35: =IF($F35="","",$I35&IF($J35="",""," · "&$J35)&IF($K35="",""," · "&$K35)) -> Adilton · Gabriel | AH35: =IF(AND($F35<>"",$O35<>"",$O35<=Hoje!$C$3,$P35>=Hoje!$C$3,$R35<>"Cancelada"),1,0) -> 0 | AI35: =IF(AND($F35<>"",$P35<>"",$P35<Hoje!$C$3,$AB35=0,$R35<>"Cancelada"),1,0) -> 0 | AJ35: =IF($F35="","",$D35&"|"&$E35&"|"&$L35) -> F-331|Preventiva|36 | AK35: =IF($AJ35="","",COUNTIF($AJ$4:$AJ35,$AJ35)) -> 13 | AL35: =IF($AJ35="","",COUNTIF($AJ$4:$AJ$1004,$AJ35)) -> 16 | AN35: =IF($D35="","",IFERROR(T(VLOOKUP($D35,Listas!$B$5:$H$120,7,0)),"")) | AO35: =IF(OR($F35="",$L35<>"",$R35="Cancelada",$AT35<>""),"",$AN35&"|"&$D35&"|"&IF($C35="","zzz",$C35)&"|"&TEXT(35,"0000")) | AP35: =IF($AO35="","",COUNTIF($AO$5:$AO$1004,"<"&$AO35)-(ROWS($AO$5:$AO$1004)-Hoje!$L$5)+1) | AQ35: =IF(AND($F35<>"",$D35=Frota!$C$3),1,0) -> 0 | AR35: =IF($AQ35=0,"",SUM($AQ$4:$AQ35)) | AS35: =IFERROR(INDEX(Hoje!$K$10:$K$29,MATCH(ROW(),Hoje!$J$10:$J$29,0)),"") | AT35: =IF($Q35<>"",$Q35,$AS35) -> 46265
A36: =IF($F36="","",ROW()) -> 36 | B36: =IF($F36="",IF($D36="","","Falta a atividade"),IF($R36="Cancelada","Cancelada",IF($AB36=1,IF(N($Z36)>0,"Concluída com atraso","Concluída"),IF($R36="Em programação","Em programação",IF($O36="",IF($M36="","Na carteira","Falta a semana"),IF($AC36=1,"VENCIDA",IF($O36>Hoje!$L$1,"Programada",IF($P36>Hoje!$L$1,"Em execução","Fecha hoje")))))))) -> Concluída | C36: 021299 | D36: F-331 | E36: Preventiva | F36: Mola do pedal | G36: Preventiva | H36: Programada | I36: Adilton | J36: Gabriel | L36: 36 | M36: Seg | N36: 3 | O36: =IF(OR($L36="",$M36=""),"",(DATE(Semana!$J$3,1,4)-WEEKDAY(DATE(Semana!$J$3,1,4),3))+($L36-1)*7+MATCH($M36,Listas!$F$5:$F$11,0)-1) -> 46265 | P36: =IF(OR($F36="",$O36=""),"",$O36+MAX(0,ROUNDUP($AK36*MAX(1,IF($N36="",1,$N36))/MAX(1,$AL36),0)-1)) -> 46267 | Q36: 46265 | R36: Concluída | S36: 35 | T36: Peça não chegou | V36: =IF($F36="","",IF(ISNUMBER(SEARCH("(externo)",$I36&$J36&$K36)),"Terceirizada","Interna")) -> Interna | W36: =IF($O36="","",IF($S36="",$O36,(DATE(Semana!$J$3,1,4)-WEEKDAY(DATE(Semana!$J$3,1,4),3))+($S36-1)*7+IF($M36="",0,MATCH($M36,Listas!$F$5:$F$11,0)-1))) -> 46258 | X36: =IF($F36="","",IF(OR($AT36="",$O36=""),0,IF($AT36<=$O36,1,0))) -> 1 | Y36: =IF($F36="","",IF(OR($AT36="",$W36=""),0,IF($AT36<=$W36,1,0))) -> 0 | Z36: =IF(OR($AT36="",$O36=""),"",MAX(0,$AT36-$O36)) -> 0 | AA36: =IF($F36="","",IF(AND($S36<>"",$L36<>"",$S36<>$L36),1,0)) -> 1 | AB36: =IF($F36="","",IF($R36="Cancelada",0,IF(OR($AT36<>"",$R36="Concluída"),1,0))) -> 1 | AC36: =IF($P36="",0,IF($P36<Hoje!$L$1,1,IF(AND($P36=Hoje!$L$1,Hoje!$L$2>Semana!$M$3),1,0))) -> 1 | AD36: =IF($F36="","",IF(COUNTA($I36:$K36)=0,0,1/COUNTA($I36:$K36))) -> 0.5 | AE36: =IF($AH36=0,"",SUM($AH$4:$AH36)) | AF36: =IF($AI36=0,"",SUM($AI$4:$AI36)) | AG36: =IF($F36="","",$I36&IF($J36="",""," · "&$J36)&IF($K36="",""," · "&$K36)) -> Adilton · Gabriel | AH36: =IF(AND($F36<>"",$O36<>"",$O36<=Hoje!$C$3,$P36>=Hoje!$C$3,$R36<>"Cancelada"),1,0) -> 0 | AI36: =IF(AND($F36<>"",$P36<>"",$P36<Hoje!$C$3,$AB36=0,$R36<>"Cancelada"),1,0) -> 0 | AJ36: =IF($F36="","",$D36&"|"&$E36&"|"&$L36) -> F-331|Preventiva|36 | AK36: =IF($AJ36="","",COUNTIF($AJ$4:$AJ36,$AJ36)) -> 14 | AL36: =IF($AJ36="","",COUNTIF($AJ$4:$AJ$1004,$AJ36)) -> 16 | AN36: =IF($D36="","",IFERROR(T(VLOOKUP($D36,Listas!$B$5:$H$120,7,0)),"")) | AO36: =IF(OR($F36="",$L36<>"",$R36="Cancelada",$AT36<>""),"",$AN36&"|"&$D36&"|"&IF($C36="","zzz",$C36)&"|"&TEXT(36,"0000")) | AP36: =IF($AO36="","",COUNTIF($AO$5:$AO$1004,"<"&$AO36)-(ROWS($AO$5:$AO$1004)-Hoje!$L$5)+1) | AQ36: =IF(AND($F36<>"",$D36=Frota!$C$3),1,0) -> 0 | AR36: =IF($AQ36=0,"",SUM($AQ$4:$AQ36)) | AS36: =IFERROR(INDEX(Hoje!$K$10:$K$29,MATCH(ROW(),Hoje!$J$10:$J$29,0)),"") | AT36: =IF($Q36<>"",$Q36,$AS36) -> 46265
A37: =IF($F37="","",ROW()) -> 37 | B37: =IF($F37="",IF($D37="","","Falta a atividade"),IF($R37="Cancelada","Cancelada",IF($AB37=1,IF(N($Z37)>0,"Concluída com atraso","Concluída"),IF($R37="Em programação","Em programação",IF($O37="",IF($M37="","Na carteira","Falta a semana"),IF($AC37=1,"VENCIDA",IF($O37>Hoje!$L$1,"Programada",IF($P37>Hoje!$L$1,"Em execução","Fecha hoje")))))))) -> Concluída | C37: 021300 | D37: F-331 | E37: Preventiva | F37: Interruptor | G37: Preventiva | H37: Programada | I37: Adilton | J37: Gabriel | L37: 36 | M37: Seg | N37: 3 | O37: =IF(OR($L37="",$M37=""),"",(DATE(Semana!$J$3,1,4)-WEEKDAY(DATE(Semana!$J$3,1,4),3))+($L37-1)*7+MATCH($M37,Listas!$F$5:$F$11,0)-1) -> 46265 | P37: =IF(OR($F37="",$O37=""),"",$O37+MAX(0,ROUNDUP($AK37*MAX(1,IF($N37="",1,$N37))/MAX(1,$AL37),0)-1)) -> 46267 | Q37: 46265 | R37: Concluída | S37: 35 | T37: Peça não chegou | V37: =IF($F37="","",IF(ISNUMBER(SEARCH("(externo)",$I37&$J37&$K37)),"Terceirizada","Interna")) -> Interna | W37: =IF($O37="","",IF($S37="",$O37,(DATE(Semana!$J$3,1,4)-WEEKDAY(DATE(Semana!$J$3,1,4),3))+($S37-1)*7+IF($M37="",0,MATCH($M37,Listas!$F$5:$F$11,0)-1))) -> 46258 | X37: =IF($F37="","",IF(OR($AT37="",$O37=""),0,IF($AT37<=$O37,1,0))) -> 1 | Y37: =IF($F37="","",IF(OR($AT37="",$W37=""),0,IF($AT37<=$W37,1,0))) -> 0 | Z37: =IF(OR($AT37="",$O37=""),"",MAX(0,$AT37-$O37)) -> 0 | AA37: =IF($F37="","",IF(AND($S37<>"",$L37<>"",$S37<>$L37),1,0)) -> 1 | AB37: =IF($F37="","",IF($R37="Cancelada",0,IF(OR($AT37<>"",$R37="Concluída"),1,0))) -> 1 | AC37: =IF($P37="",0,IF($P37<Hoje!$L$1,1,IF(AND($P37=Hoje!$L$1,Hoje!$L$2>Semana!$M$3),1,0))) -> 1 | AD37: =IF($F37="","",IF(COUNTA($I37:$K37)=0,0,1/COUNTA($I37:$K37))) -> 0.5 | AE37: =IF($AH37=0,"",SUM($AH$4:$AH37)) | AF37: =IF($AI37=0,"",SUM($AI$4:$AI37)) | AG37: =IF($F37="","",$I37&IF($J37="",""," · "&$J37)&IF($K37="",""," · "&$K37)) -> Adilton · Gabriel | AH37: =IF(AND($F37<>"",$O37<>"",$O37<=Hoje!$C$3,$P37>=Hoje!$C$3,$R37<>"Cancelada"),1,0) -> 0 | AI37: =IF(AND($F37<>"",$P37<>"",$P37<Hoje!$C$3,$AB37=0,$R37<>"Cancelada"),1,0) -> 0 | AJ37: =IF($F37="","",$D37&"|"&$E37&"|"&$L37) -> F-331|Preventiva|36 | AK37: =IF($AJ37="","",COUNTIF($AJ$4:$AJ37,$AJ37)) -> 15 | AL37: =IF($AJ37="","",COUNTIF($AJ$4:$AJ$1004,$AJ37)) -> 16 | AN37: =IF($D37="","",IFERROR(T(VLOOKUP($D37,Listas!$B$5:$H$120,7,0)),"")) | AO37: =IF(OR($F37="",$L37<>"",$R37="Cancelada",$AT37<>""),"",$AN37&"|"&$D37&"|"&IF($C37="","zzz",$C37)&"|"&TEXT(37,"0000")) | AP37: =IF($AO37="","",COUNTIF($AO$5:$AO$1004,"<"&$AO37)-(ROWS($AO$5:$AO$1004)-Hoje!$L$5)+1) | AQ37: =IF(AND($F37<>"",$D37=Frota!$C$3),1,0) -> 0 | AR37: =IF($AQ37=0,"",SUM($AQ$4:$AQ37)) | AS37: =IFERROR(INDEX(Hoje!$K$10:$K$29,MATCH(ROW(),Hoje!$J$10:$J$29,0)),"") | AT37: =IF($Q37<>"",$Q37,$AS37) -> 46265
A38: =IF($F38="","",ROW()) -> 38 | B38: =IF($F38="",IF($D38="","","Falta a atividade"),IF($R38="Cancelada","Cancelada",IF($AB38=1,IF(N($Z38)>0,"Concluída com atraso","Concluída"),IF($R38="Em programação","Em programação",IF($O38="",IF($M38="","Na carteira","Falta a semana"),IF($AC38=1,"VENCIDA",IF($O38>Hoje!$L$1,"Programada",IF($P38>Hoje!$L$1,"Em execução","Fecha hoje")))))))) -> Concluída com atraso | C38: 021377 | D38: F-331 | E38: Preventiva | F38: Trocar tanque de combustivel com vazamento | G38: Corretiva | H38: Extra | I38: Adilton | J38: Gabriel | L38: 36 | M38: Seg | N38: 3 | O38: =IF(OR($L38="",$M38=""),"",(DATE(Semana!$J$3,1,4)-WEEKDAY(DATE(Semana!$J$3,1,4),3))+($L38-1)*7+MATCH($M38,Listas!$F$5:$F$11,0)-1) -> 46265 | P38: =IF(OR($F38="",$O38=""),"",$O38+MAX(0,ROUNDUP($AK38*MAX(1,IF($N38="",1,$N38))/MAX(1,$AL38),0)-1)) -> 46267 | Q38: 46268 | R38: Concluída | S38: 35 | T38: Peça não chegou | V38: =IF($F38="","",IF(ISNUMBER(SEARCH("(externo)",$I38&$J38&$K38)),"Terceirizada","Interna")) -> Interna | W38: =IF($O38="","",IF($S38="",$O38,(DATE(Semana!$J$3,1,4)-WEEKDAY(DATE(Semana!$J$3,1,4),3))+($S38-1)*7+IF($M38="",0,MATCH($M38,Listas!$F$5:$F$11,0)-1))) -> 46258 | X38: =IF($F38="","",IF(OR($AT38="",$O38=""),0,IF($AT38<=$O38,1,0))) -> 0 | Y38: =IF($F38="","",IF(OR($AT38="",$W38=""),0,IF($AT38<=$W38,1,0))) -> 0 | Z38: =IF(OR($AT38="",$O38=""),"",MAX(0,$AT38-$O38)) -> 3 | AA38: =IF($F38="","",IF(AND($S38<>"",$L38<>"",$S38<>$L38),1,0)) -> 1 | AB38: =IF($F38="","",IF($R38="Cancelada",0,IF(OR($AT38<>"",$R38="Concluída"),1,0))) -> 1 | AC38: =IF($P38="",0,IF($P38<Hoje!$L$1,1,IF(AND($P38=Hoje!$L$1,Hoje!$L$2>Semana!$M$3),1,0))) -> 1 | AD38: =IF($F38="","",IF(COUNTA($I38:$K38)=0,0,1/COUNTA($I38:$K38))) -> 0.5 | AE38: =IF($AH38=0,"",SUM($AH$4:$AH38)) | AF38: =IF($AI38=0,"",SUM($AI$4:$AI38)) | AG38: =IF($F38="","",$I38&IF($J38="",""," · "&$J38)&IF($K38="",""," · "&$K38)) -> Adilton · Gabriel | AH38: =IF(AND($F38<>"",$O38<>"",$O38<=Hoje!$C$3,$P38>=Hoje!$C$3,$R38<>"Cancelada"),1,0) -> 0 | AI38: =IF(AND($F38<>"",$P38<>"",$P38<Hoje!$C$3,$AB38=0,$R38<>"Cancelada"),1,0) -> 0 | AJ38: =IF($F38="","",$D38&"|"&$E38&"|"&$L38) -> F-331|Preventiva|36 | AK38: =IF($AJ38="","",COUNTIF($AJ$4:$AJ38,$AJ38)) -> 16 | AL38: =IF($AJ38="","",COUNTIF($AJ$4:$AJ$1004,$AJ38)) -> 16 | AN38: =IF($D38="","",IFERROR(T(VLOOKUP($D38,Listas!$B$5:$H$120,7,0)),"")) | AO38: =IF(OR($F38="",$L38<>"",$R38="Cancelada",$AT38<>""),"",$AN38&"|"&$D38&"|"&IF($C38="","zzz",$C38)&"|"&TEXT(38,"0000")) | AP38: =IF($AO38="","",COUNTIF($AO$5:$AO$1004,"<"&$AO38)-(ROWS($AO$5:$AO$1004)-Hoje!$L$5)+1) | AQ38: =IF(AND($F38<>"",$D38=Frota!$C$3),1,0) -> 0 | AR38: =IF($AQ38=0,"",SUM($AQ$4:$AQ38)) | AS38: =IFERROR(INDEX(Hoje!$K$10:$K$29,MATCH(ROW(),Hoje!$J$10:$J$29,0)),"") | AT38: =IF($Q38<>"",$Q38,$AS38) -> 46268
A39: =IF($F39="","",ROW()) -> 39 | B39: =IF($F39="",IF($D39="","","Falta a atividade"),IF($R39="Cancelada","Cancelada",IF($AB39=1,IF(N($Z39)>0,"Concluída com atraso","Concluída"),IF($R39="Em programação","Em programação",IF($O39="",IF($M39="","Na carteira","Falta a semana"),IF($AC39=1,"VENCIDA",IF($O39>Hoje!$L$1,"Programada",IF($P39>Hoje!$L$1,"Em execução","Fecha hoje")))))))) -> Concluída | C39: 021398 | D39: F-331 | E39: Alinhar pneus | F39: Realizar alinhamento | G39: Corretiva | H39: Programada | I39: Airton | J39: Luiz Paulo | L39: 36 | M39: Seg | N39: 3 | O39: =IF(OR($L39="",$M39=""),"",(DATE(Semana!$J$3,1,4)-WEEKDAY(DATE(Semana!$J$3,1,4),3))+($L39-1)*7+MATCH($M39,Listas!$F$5:$F$11,0)-1) -> 46265 | P39: =IF(OR($F39="",$O39=""),"",$O39+MAX(0,ROUNDUP($AK39*MAX(1,IF($N39="",1,$N39))/MAX(1,$AL39),0)-1)) -> 46267 | Q39: 46265 | R39: Concluída | V39: =IF($F39="","",IF(ISNUMBER(SEARCH("(externo)",$I39&$J39&$K39)),"Terceirizada","Interna")) -> Interna | W39: =IF($O39="","",IF($S39="",$O39,(DATE(Semana!$J$3,1,4)-WEEKDAY(DATE(Semana!$J$3,1,4),3))+($S39-1)*7+IF($M39="",0,MATCH($M39,Listas!$F$5:$F$11,0)-1))) -> 46265 | X39: =IF($F39="","",IF(OR($AT39="",$O39=""),0,IF($AT39<=$O39,1,0))) -> 1 | Y39: =IF($F39="","",IF(OR($AT39="",$W39=""),0,IF($AT39<=$W39,1,0))) -> 1 | Z39: =IF(OR($AT39="",$O39=""),"",MAX(0,$AT39-$O39)) -> 0 | AA39: =IF($F39="","",IF(AND($S39<>"",$L39<>"",$S39<>$L39),1,0)) -> 0 | AB39: =IF($F39="","",IF($R39="Cancelada",0,IF(OR($AT39<>"",$R39="Concluída"),1,0))) -> 1 | AC39: =IF($P39="",0,IF($P39<Hoje!$L$1,1,IF(AND($P39=Hoje!$L$1,Hoje!$L$2>Semana!$M$3),1,0))) -> 1 | AD39: =IF($F39="","",IF(COUNTA($I39:$K39)=0,0,1/COUNTA($I39:$K39))) -> 0.5 | AE39: =IF($AH39=0,"",SUM($AH$4:$AH39)) | AF39: =IF($AI39=0,"",SUM($AI$4:$AI39)) | AG39: =IF($F39="","",$I39&IF($J39="",""," · "&$J39)&IF($K39="",""," · "&$K39)) -> Airton · Luiz Paulo | AH39: =IF(AND($F39<>"",$O39<>"",$O39<=Hoje!$C$3,$P39>=Hoje!$C$3,$R39<>"Cancelada"),1,0) -> 0 | AI39: =IF(AND($F39<>"",$P39<>"",$P39<Hoje!$C$3,$AB39=0,$R39<>"Cancelada"),1,0) -> 0 | AJ39: =IF($F39="","",$D39&"|"&$E39&"|"&$L39) -> F-331|Alinhar pneus|36 | AK39: =IF($AJ39="","",COUNTIF($AJ$4:$AJ39,$AJ39)) -> 1 | AL39: =IF($AJ39="","",COUNTIF($AJ$4:$AJ$1004,$AJ39)) -> 1 | AN39: =IF($D39="","",IFERROR(T(VLOOKUP($D39,Listas!$B$5:$H$120,7,0)),"")) | AO39: =IF(OR($F39="",$L39<>"",$R39="Cancelada",$AT39<>""),"",$AN39&"|"&$D39&"|"&IF($C39="","zzz",$C39)&"|"&TEXT(39,"0000")) | AP39: =IF($AO39="","",COUNTIF($AO$5:$AO$1004,"<"&$AO39)-(ROWS($AO$5:$AO$1004)-Hoje!$L$5)+1) | AQ39: =IF(AND($F39<>"",$D39=Frota!$C$3),1,0) -> 0 | AR39: =IF($AQ39=0,"",SUM($AQ$4:$AQ39)) | AS39: =IFERROR(INDEX(Hoje!$K$10:$K$29,MATCH(ROW(),Hoje!$J$10:$J$29,0)),"") | AT39: =IF($Q39<>"",$Q39,$AS39) -> 46265
A40: =IF($F40="","",ROW()) -> 40 | B40: =IF($F40="",IF($D40="","","Falta a atividade"),IF($R40="Cancelada","Cancelada",IF($AB40=1,IF(N($Z40)>0,"Concluída com atraso","Concluída"),IF($R40="Em programação","Em programação",IF($O40="",IF($M40="","Na carteira","Falta a semana"),IF($AC40=1,"VENCIDA",IF($O40>Hoje!$L$1,"Programada",IF($P40>Hoje!$L$1,"Em execução","Fecha hoje")))))))) -> Concluída | D40: F-457 | E40: Verificar válvula de freio | F40: Verificar válvula de freio | G40: Corretiva | H40: Extra | I40: Adilton | L40: 35 | M40: Qui | N40: 2 | O40: =IF(OR($L40="",$M40=""),"",(DATE(Semana!$J$3,1,4)-WEEKDAY(DATE(Semana!$J$3,1,4),3))+($L40-1)*7+MATCH($M40,Listas!$F$5:$F$11,0)-1) -> 46261 | P40: =IF(OR($F40="",$O40=""),"",$O40+MAX(0,ROUNDUP($AK40*MAX(1,IF($N40="",1,$N40))/MAX(1,$AL40),0)-1)) -> 46262 | Q40: 46261 | U40: Sistema: Freios | V40: =IF($F40="","",IF(ISNUMBER(SEARCH("(externo)",$I40&$J40&$K40)),"Terceirizada","Interna")) -> Interna | W40: =IF($O40="","",IF($S40="",$O40,(DATE(Semana!$J$3,1,4)-WEEKDAY(DATE(Semana!$J$3,1,4),3))+($S40-1)*7+IF($M40="",0,MATCH($M40,Listas!$F$5:$F$11,0)-1))) -> 46261 | X40: =IF($F40="","",IF(OR($AT40="",$O40=""),0,IF($AT40<=$O40,1,0))) -> 1 | Y40: =IF($F40="","",IF(OR($AT40="",$W40=""),0,IF($AT40<=$W40,1,0))) -> 1 | Z40: =IF(OR($AT40="",$O40=""),"",MAX(0,$AT40-$O40)) -> 0 | AA40: =IF($F40="","",IF(AND($S40<>"",$L40<>"",$S40<>$L40),1,0)) -> 0 | AB40: =IF($F40="","",IF($R40="Cancelada",0,IF(OR($AT40<>"",$R40="Concluída"),1,0))) -> 1 | AC40: =IF($P40="",0,IF($P40<Hoje!$L$1,1,IF(AND($P40=Hoje!$L$1,Hoje!$L$2>Semana!$M$3),1,0))) -> 1 | AD40: =IF($F40="","",IF(COUNTA($I40:$K40)=0,0,1/COUNTA($I40:$K40))) -> 1 | AE40: =IF($AH40=0,"",SUM($AH$4:$AH40)) | AF40: =IF($AI40=0,"",SUM($AI$4:$AI40)) | AG40: =IF($F40="","",$I40&IF($J40="",""," · "&$J40)&IF($K40="",""," · "&$K40)) -> Adilton | AH40: =IF(AND($F40<>"",$O40<>"",$O40<=Hoje!$C$3,$P40>=Hoje!$C$3,$R40<>"Cancelada"),1,0) -> 0 | AI40: =IF(AND($F40<>"",$P40<>"",$P40<Hoje!$C$3,$AB40=0,$R40<>"Cancelada"),1,0) -> 0 | AJ40: =IF($F40="","",$D40&"|"&$E40&"|"&$L40) -> F-457|Verificar válvula de freio|35 | AK40: =IF($AJ40="","",COUNTIF($AJ$4:$AJ40,$AJ40)) -> 1 | AL40: =IF($AJ40="","",COUNTIF($AJ$4:$AJ$1004,$AJ40)) -> 1 | AN40: =IF($D40="","",IFERROR(T(VLOOKUP($D40,Listas!$B$5:$H$120,7,0)),"")) | AO40: =IF(OR($F40="",$L40<>"",$R40="Cancelada",$AT40<>""),"",$AN40&"|"&$D40&"|"&IF($C40="","zzz",$C40)&"|"&TEXT(40,"0000")) | AP40: =IF($AO40="","",COUNTIF($AO$5:$AO$1004,"<"&$AO40)-(ROWS($AO$5:$AO$1004)-Hoje!$L$5)+1) | AQ40: =IF(AND($F40<>"",$D40=Frota!$C$3),1,0) -> 0 | AR40: =IF($AQ40=0,"",SUM($AQ$4:$AQ40)) | AS40: =IFERROR(INDEX(Hoje!$K$10:$K$29,MATCH(ROW(),Hoje!$J$10:$J$29,0)),"") | AT40: =IF($Q40<>"",$Q40,$AS40) -> 46261
A41: =IF($F41="","",ROW()) -> 41 | B41: =IF($F41="",IF($D41="","","Falta a atividade"),IF($R41="Cancelada","Cancelada",IF($AB41=1,IF(N($Z41)>0,"Concluída com atraso","Concluída"),IF($R41="Em programação","Em programação",IF($O41="",IF($M41="","Na carteira","Falta a semana"),IF($AC41=1,"VENCIDA",IF($O41>Hoje!$L$1,"Programada",IF($P41>Hoje!$L$1,"Em execução","Fecha hoje")))))))) -> Concluída | D41: F-458 | E41: Verificar válvula de freio | F41: Verificar válvula de freio | G41: Corretiva | H41: Extra | I41: Adilton | L41: 35 | M41: Qui | N41: 2 | O41: =IF(OR($L41="",$M41=""),"",(DATE(Semana!$J$3,1,4)-WEEKDAY(DATE(Semana!$J$3,1,4),3))+($L41-1)*7+MATCH($M41,Listas!$F$5:$F$11,0)-1) -> 46261 | P41: =IF(OR($F41="",$O41=""),"",$O41+MAX(0,ROUNDUP($AK41*MAX(1,IF($N41="",1,$N41))/MAX(1,$AL41),0)-1)) -> 46262 | Q41: 46261 | U41: Sistema: Freios | V41: =IF($F41="","",IF(ISNUMBER(SEARCH("(externo)",$I41&$J41&$K41)),"Terceirizada","Interna")) -> Interna | W41: =IF($O41="","",IF($S41="",$O41,(DATE(Semana!$J$3,1,4)-WEEKDAY(DATE(Semana!$J$3,1,4),3))+($S41-1)*7+IF($M41="",0,MATCH($M41,Listas!$F$5:$F$11,0)-1))) -> 46261 | X41: =IF($F41="","",IF(OR($AT41="",$O41=""),0,IF($AT41<=$O41,1,0))) -> 1 | Y41: =IF($F41="","",IF(OR($AT41="",$W41=""),0,IF($AT41<=$W41,1,0))) -> 1 | Z41: =IF(OR($AT41="",$O41=""),"",MAX(0,$AT41-$O41)) -> 0 | AA41: =IF($F41="","",IF(AND($S41<>"",$L41<>"",$S41<>$L41),1,0)) -> 0 | AB41: =IF($F41="","",IF($R41="Cancelada",0,IF(OR($AT41<>"",$R41="Concluída"),1,0))) -> 1 | AC41: =IF($P41="",0,IF($P41<Hoje!$L$1,1,IF(AND($P41=Hoje!$L$1,Hoje!$L$2>Semana!$M$3),1,0))) -> 1 | AD41: =IF($F41="","",IF(COUNTA($I41:$K41)=0,0,1/COUNTA($I41:$K41))) -> 1 | AE41: =IF($AH41=0,"",SUM($AH$4:$AH41)) | AF41: =IF($AI41=0,"",SUM($AI$4:$AI41)) | AG41: =IF($F41="","",$I41&IF($J41="",""," · "&$J41)&IF($K41="",""," · "&$K41)) -> Adilton | AH41: =IF(AND($F41<>"",$O41<>"",$O41<=Hoje!$C$3,$P41>=Hoje!$C$3,$R41<>"Cancelada"),1,0) -> 0 | AI41: =IF(AND($F41<>"",$P41<>"",$P41<Hoje!$C$3,$AB41=0,$R41<>"Cancelada"),1,0) -> 0 | AJ41: =IF($F41="","",$D41&"|"&$E41&"|"&$L41) -> F-458|Verificar válvula de freio|35 | AK41: =IF($AJ41="","",COUNTIF($AJ$4:$AJ41,$AJ41)) -> 1 | AL41: =IF($AJ41="","",COUNTIF($AJ$4:$AJ$1004,$AJ41)) -> 1 | AN41: =IF($D41="","",IFERROR(T(VLOOKUP($D41,Listas!$B$5:$H$120,7,0)),"")) | AO41: =IF(OR($F41="",$L41<>"",$R41="Cancelada",$AT41<>""),"",$AN41&"|"&$D41&"|"&IF($C41="","zzz",$C41)&"|"&TEXT(41,"0000")) | AP41: =IF($AO41="","",COUNTIF($AO$5:$AO$1004,"<"&$AO41)-(ROWS($AO$5:$AO$1004)-Hoje!$L$5)+1) | AQ41: =IF(AND($F41<>"",$D41=Frota!$C$3),1,0) -> 0 | AR41: =IF($AQ41=0,"",SUM($AQ$4:$AQ41)) | AS41: =IFERROR(INDEX(Hoje!$K$10:$K$29,MATCH(ROW(),Hoje!$J$10:$J$29,0)),"") | AT41: =IF($Q41<>"",$Q41,$AS41) -> 46261
A42: =IF($F42="","",ROW()) -> 42 | B42: =IF($F42="",IF($D42="","","Falta a atividade"),IF($R42="Cancelada","Cancelada",IF($AB42=1,IF(N($Z42)>0,"Concluída com atraso","Concluída"),IF($R42="Em programação","Em programação",IF($O42="",IF($M42="","Na carteira","Falta a semana"),IF($AC42=1,"VENCIDA",IF($O42>Hoje!$L$1,"Programada",IF($P42>Hoje!$L$1,"Em execução","Fecha hoje")))))))) -> Concluída | C42: 021330 | D42: F-617 | E42: Calibração e troca de pneus | F42: Realizar troca ou calibração dos pneus | G42: Corretiva | H42: Extra | I42: Airton | J42: Luiz Paulo | L42: 35 | M42: Qui | N42: 2 | O42: =IF(OR($L42="",$M42=""),"",(DATE(Semana!$J$3,1,4)-WEEKDAY(DATE(Semana!$J$3,1,4),3))+($L42-1)*7+MATCH($M42,Listas!$F$5:$F$11,0)-1) -> 46261 | P42: =IF(OR($F42="",$O42=""),"",$O42+MAX(0,ROUNDUP($AK42*MAX(1,IF($N42="",1,$N42))/MAX(1,$AL42),0)-1)) -> 46262 | Q42: 46261 | R42: Concluída | V42: =IF($F42="","",IF(ISNUMBER(SEARCH("(externo)",$I42&$J42&$K42)),"Terceirizada","Interna")) -> Interna | W42: =IF($O42="","",IF($S42="",$O42,(DATE(Semana!$J$3,1,4)-WEEKDAY(DATE(Semana!$J$3,1,4),3))+($S42-1)*7+IF($M42="",0,MATCH($M42,Listas!$F$5:$F$11,0)-1))) -> 46261 | X42: =IF($F42="","",IF(OR($AT42="",$O42=""),0,IF($AT42<=$O42,1,0))) -> 1 | Y42: =IF($F42="","",IF(OR($AT42="",$W42=""),0,IF($AT42<=$W42,1,0))) -> 1 | Z42: =IF(OR($AT42="",$O42=""),"",MAX(0,$AT42-$O42)) -> 0 | AA42: =IF($F42="","",IF(AND($S42<>"",$L42<>"",$S42<>$L42),1,0)) -> 0 | AB42: =IF($F42="","",IF($R42="Cancelada",0,IF(OR($AT42<>"",$R42="Concluída"),1,0))) -> 1 | AC42: =IF($P42="",0,IF($P42<Hoje!$L$1,1,IF(AND($P42=Hoje!$L$1,Hoje!$L$2>Semana!$M$3),1,0))) -> 1 | AD42: =IF($F42="","",IF(COUNTA($I42:$K42)=0,0,1/COUNTA($I42:$K42))) -> 0.5 | AE42: =IF($AH42=0,"",SUM($AH$4:$AH42)) | AF42: =IF($AI42=0,"",SUM($AI$4:$AI42)) | AG42: =IF($F42="","",$I42&IF($J42="",""," · "&$J42)&IF($K42="",""," · "&$K42)) -> Airton · Luiz Paulo | AH42: =IF(AND($F42<>"",$O42<>"",$O42<=Hoje!$C$3,$P42>=Hoje!$C$3,$R42<>"Cancelada"),1,0) -> 0 | AI42: =IF(AND($F42<>"",$P42<>"",$P42<Hoje!$C$3,$AB42=0,$R42<>"Cancelada"),1,0) -> 0 | AJ42: =IF($F42="","",$D42&"|"&$E42&"|"&$L42) -> F-617|Calibração e troca de pneus|35 | AK42: =IF($AJ42="","",COUNTIF($AJ$4:$AJ42,$AJ42)) -> 1 | AL42: =IF($AJ42="","",COUNTIF($AJ$4:$AJ$1004,$AJ42)) -> 1 | AN42: =IF($D42="","",IFERROR(T(VLOOKUP($D42,Listas!$B$5:$H$120,7,0)),"")) | AO42: =IF(OR($F42="",$L42<>"",$R42="Cancelada",$AT42<>""),"",$AN42&"|"&$D42&"|"&IF($C42="","zzz",$C42)&"|"&TEXT(42,"0000")) | AP42: =IF($AO42="","",COUNTIF($AO$5:$AO$1004,"<"&$AO42)-(ROWS($AO$5:$AO$1004)-Hoje!$L$5)+1) | AQ42: =IF(AND($F42<>"",$D42=Frota!$C$3),1,0) -> 0 | AR42: =IF($AQ42=0,"",SUM($AQ$4:$AQ42)) | AS42: =IFERROR(INDEX(Hoje!$K$10:$K$29,MATCH(ROW(),Hoje!$J$10:$J$29,0)),"") | AT42: =IF($Q42<>"",$Q42,$AS42) -> 46261
A43: =IF($F43="","",ROW()) -> 43 | B43: =IF($F43="",IF($D43="","","Falta a atividade"),IF($R43="Cancelada","Cancelada",IF($AB43=1,IF(N($Z43)>0,"Concluída com atraso","Concluída"),IF($R43="Em programação","Em programação",IF($O43="",IF($M43="","Na carteira","Falta a semana"),IF($AC43=1,"VENCIDA",IF($O43>Hoje!$L$1,"Programada",IF($P43>Hoje!$L$1,"Em execução","Fecha hoje")))))))) -> Concluída com atraso | C43: 021320 | D43: F-617 | E43: Baixa de carteira | F43: Realizar limpeza nos bornes das baterias | G43: Corretiva | H43: Programada | I43: Alexandre | L43: 36 | M43: Seg | N43: 2 | O43: =IF(OR($L43="",$M43=""),"",(DATE(Semana!$J$3,1,4)-WEEKDAY(DATE(Semana!$J$3,1,4),3))+($L43-1)*7+MATCH($M43,Listas!$F$5:$F$11,0)-1) -> 46265 | P43: =IF(OR($F43="",$O43=""),"",$O43+MAX(0,ROUNDUP($AK43*MAX(1,IF($N43="",1,$N43))/MAX(1,$AL43),0)-1)) -> 46265 | Q43: 46266 | R43: Concluída | S43: 35 | V43: =IF($F43="","",IF(ISNUMBER(SEARCH("(externo)",$I43&$J43&$K43)),"Terceirizada","Interna")) -> Interna | W43: =IF($O43="","",IF($S43="",$O43,(DATE(Semana!$J$3,1,4)-WEEKDAY(DATE(Semana!$J$3,1,4),3))+($S43-1)*7+IF($M43="",0,MATCH($M43,Listas!$F$5:$F$11,0)-1))) -> 46258 | X43: =IF($F43="","",IF(OR($AT43="",$O43=""),0,IF($AT43<=$O43,1,0))) -> 0 | Y43: =IF($F43="","",IF(OR($AT43="",$W43=""),0,IF($AT43<=$W43,1,0))) -> 0 | Z43: =IF(OR($AT43="",$O43=""),"",MAX(0,$AT43-$O43)) -> 1 | AA43: =IF($F43="","",IF(AND($S43<>"",$L43<>"",$S43<>$L43),1,0)) -> 1 | AB43: =IF($F43="","",IF($R43="Cancelada",0,IF(OR($AT43<>"",$R43="Concluída"),1,0))) -> 1 | AC43: =IF($P43="",0,IF($P43<Hoje!$L$1,1,IF(AND($P43=Hoje!$L$1,Hoje!$L$2>Semana!$M$3),1,0))) -> 1 | AD43: =IF($F43="","",IF(COUNTA($I43:$K43)=0,0,1/COUNTA($I43:$K43))) -> 1 | AE43: =IF($AH43=0,"",SUM($AH$4:$AH43)) | AF43: =IF($AI43=0,"",SUM($AI$4:$AI43)) | AG43: =IF($F43="","",$I43&IF($J43="",""," · "&$J43)&IF($K43="",""," · "&$K43)) -> Alexandre | AH43: =IF(AND($F43<>"",$O43<>"",$O43<=Hoje!$C$3,$P43>=Hoje!$C$3,$R43<>"Cancelada"),1,0) -> 0 | AI43: =IF(AND($F43<>"",$P43<>"",$P43<Hoje!$C$3,$AB43=0,$R43<>"Cancelada"),1,0) -> 0 | AJ43: =IF($F43="","",$D43&"|"&$E43&"|"&$L43) -> F-617|Baixa de carteira|36 | AK43: =IF($AJ43="","",COUNTIF($AJ$4:$AJ43,$AJ43)) -> 1 | AL43: =IF($AJ43="","",COUNTIF($AJ$4:$AJ$1004,$AJ43)) -> 25 | AN43: =IF($D43="","",IFERROR(T(VLOOKUP($D43,Listas!$B$5:$H$120,7,0)),"")) | AO43: =IF(OR($F43="",$L43<>"",$R43="Cancelada",$AT43<>""),"",$AN43&"|"&$D43&"|"&IF($C43="","zzz",$C43)&"|"&TEXT(43,"0000")) | AP43: =IF($AO43="","",COUNTIF($AO$5:$AO$1004,"<"&$AO43)-(ROWS($AO$5:$AO$1004)-Hoje!$L$5)+1) | AQ43: =IF(AND($F43<>"",$D43=Frota!$C$3),1,0) -> 0 | AR43: =IF($AQ43=0,"",SUM($AQ$4:$AQ43)) | AS43: =IFERROR(INDEX(Hoje!$K$10:$K$29,MATCH(ROW(),Hoje!$J$10:$J$29,0)),"") | AT43: =IF($Q43<>"",$Q43,$AS43) -> 46266
